{
	"credit": "Made by zeldahuman with Blockbench - https://blockbench.net",
	"ambientocclusion": false,
	"textures": {
		"particle": "block_variants/comparator_blood_spike_base",
		"base": "block_variants/comparator_blood_spike_base",
		"spike": "block_variants/comparator_blood_spikes"
	},
	"elements": [
		{
			"name": "spikes",
			"from": [13.9, 2, 0],
			"to": [14.1, 18, 16],
			"shade": false,
			"rotation": {"angle": 0, "axis": "y", "origin": [8, 9, 8]},
			"faces": {
				"east": {"uv": [0, 0, 16, 16], "texture": "#spike"},
				"west": {"uv": [16, 0, 0, 16], "texture": "#spike"}
			}
		},
		{
			"name": "spikes",
			"from": [0, 2, 13.9],
			"to": [16, 18, 14.1],
			"shade": false,
			"rotation": {"angle": 0, "axis": "y", "origin": [8, 9, 8]},
			"faces": {
				"north": {"uv": [0, 0, 16, 16], "texture": "#spike"},
				"south": {"uv": [16, 0, 0, 16], "texture": "#spike"}
			}
		},
		{
			"name": "spikes",
			"from": [9.9, 2, 0],
			"to": [10.1, 18, 16],
			"shade": false,
			"rotation": {"angle": 0, "axis": "y", "origin": [8, 9, 8]},
			"faces": {
				"east": {"uv": [0, 0, 16, 16], "texture": "#spike"},
				"west": {"uv": [16, 0, 0, 16], "texture": "#spike"}
			}
		},
		{
			"name": "spikes",
			"from": [5.9, 2, 0],
			"to": [6.1, 18, 16],
			"shade": false,
			"rotation": {"angle": 0, "axis": "y", "origin": [8, 9, 8]},
			"faces": {
				"east": {"uv": [16, 0, 0, 16], "texture": "#spike"},
				"west": {"uv": [0, 0, 16, 16], "texture": "#spike"}
			}
		},
		{
			"name": "spikes",
			"from": [1.9, 2, 0],
			"to": [2.1, 18, 16],
			"shade": false,
			"rotation": {"angle": 0, "axis": "y", "origin": [8, 9, 8]},
			"faces": {
				"east": {"uv": [16, 0, 0, 16], "texture": "#spike"},
				"west": {"uv": [0, 0, 16, 16], "texture": "#spike"}
			}
		},
		{
			"name": "spikes",
			"from": [0, 2, 9.9],
			"to": [16, 18, 10.1],
			"shade": false,
			"rotation": {"angle": 0, "axis": "y", "origin": [8, 9, 8]},
			"faces": {
				"north": {"uv": [0, 0, 16, 16], "texture": "#spike"},
				"south": {"uv": [16, 0, 0, 16], "texture": "#spike"}
			}
		},
		{
			"name": "spikes",
			"from": [0, 2, 5.9],
			"to": [16, 18, 6.1],
			"shade": false,
			"rotation": {"angle": 0, "axis": "y", "origin": [8, 9, 8]},
			"faces": {
				"north": {"uv": [16, 0, 0, 16], "texture": "#spike"},
				"south": {"uv": [0, 0, 16, 16], "texture": "#spike"}
			}
		},
		{
			"name": "spikes",
			"from": [0, 2, 1.9],
			"to": [16, 18, 2.1],
			"shade": false,
			"rotation": {"angle": 0, "axis": "y", "origin": [8, 9, 8]},
			"faces": {
				"north": {"uv": [16, 0, 0, 16], "texture": "#spike"},
				"south": {"uv": [0, 0, 16, 16], "texture": "#spike"}
			}
		},
		{
			"name": "base",
			"from": [0, 0, 0],
			"to": [16, 2, 16],
			"faces": {
				"north": {"uv": [0, 7, 16, 9], "texture": "#base", "cullface": "north"},
				"east": {"uv": [0, 7, 16, 9], "texture": "#base", "cullface": "east"},
				"south": {"uv": [0, 7, 16, 9], "texture": "#base", "cullface": "south"},
				"west": {"uv": [0, 7, 16, 9], "texture": "#base", "cullface": "west"},
				"up": {"uv": [0, 0, 16, 16], "texture": "#base" },
				"down": {"uv": [0, 0, 16, 16], "texture": "#base", "cullface": "down"}
			}
		}
	]
}