{
	"credit": "Made with Blockbench",
	"textures": {
		"0": "skins/beacon",
		"particle": "skins/beacon"
	},
	"elements": [
		{
			"from": [7, -16, 7],
			"to": [9, 32, 9],
			"rotation": {"angle": 0, "axis": "y", "origin": [15, -8, 15]},
			"faces": {
				"north": {"uv": [0, 0, 1, 16], "texture": "#0"},
				"east": {"uv": [0, 0, 1, 16], "texture": "#0"},
				"south": {"uv": [0, 0, 1, 16], "texture": "#0"},
				"west": {"uv": [0, 0, 1, 16], "texture": "#0"},
				"up": {"uv": [2, 0, 4, 2], "texture": "#0"},
				"down": {"uv": [2, 0, 4, 2], "texture": "#0"}
			}
		}
	],
	"display": {
		"thirdperson_righthand": {
			"translation": [-6, 80, 10],
			"scale": [4, 4, 4]
		},
		"gui": {
			"rotation": [0, 36, -47],
			"scale": [0.5, 0.5, 0.5]
		},
		"head": {
			"translation": [0, 80, 0],
			"scale": [4, 4, 4]
		}
	}
}