{
	"credit": "Made with Blockbench",
	"textures": {
		"texture": "wynn/weapons/archer/water_tier_all",
		"water_atom": "wynn/weapons/anim/water_atom"
	},
	"elements": [
		{
			"from": [4.875, 5.5625, 6.75],
			"to": [6.375, 9.0625, 8.25],
			"faces": {
				"north": {"uv": [6, 12, 8, 16], "texture": "#texture"},
				"east": {"uv": [12, 12, 14, 16], "texture": "#texture"},
				"south": {"uv": [11, 12, 13, 16], "texture": "#texture"},
				"west": {"uv": [13, 12, 15, 16], "texture": "#texture"},
				"up": {"uv": [11, 12, 13, 16], "texture": "#texture"},
				"down": {"uv": [11, 12, 13, 16], "texture": "#texture"}
			}
		},
		{
			"from": [4.9375, 7.9375, 7],
			"to": [8.1875, 8.9375, 8],
			"rotation": {"angle": 45, "axis": "z", "origin": [4.9375, 8.9375, 7]},
			"faces": {
				"north": {"uv": [0, 2, 3.25, 3], "rotation": 180, "texture": "#texture"},
				"east": {"uv": [0, 0, 3.25, 1], "texture": "#texture"},
				"south": {"uv": [0, 2, 3.25, 3], "texture": "#texture"},
				"west": {"uv": [0, 0, 3.25, 1], "texture": "#texture"},
				"up": {"uv": [0, 0, 3.25, 1], "texture": "#texture"},
				"down": {"uv": [0, 0, 3.25, 1], "texture": "#texture"}
			}
		},
		{
			"from": [4.9375, 5.6625, 7],
			"to": [8.1875, 6.6625, 8],
			"rotation": {"angle": -45, "axis": "z", "origin": [4.9375, 5.6625, 7]},
			"faces": {
				"north": {"uv": [0, 5, 3.25, 4], "rotation": 180, "texture": "#texture"},
				"east": {"uv": [0, 1, 3.25, 0], "texture": "#texture"},
				"south": {"uv": [0, 3, 3.25, 2], "texture": "#texture"},
				"west": {"uv": [0, 1, 3.25, 0], "texture": "#texture"},
				"up": {"uv": [0, 1, 3.25, 0], "texture": "#texture"},
				"down": {"uv": [0, 1, 3.25, 0], "texture": "#texture"}
			}
		},
		{
			"from": [6.375, 12.5625, 7],
			"to": [8.625, 13.5625, 8],
			"rotation": {"angle": -45, "axis": "z", "origin": [6.375, 13.5625, 7]},
			"faces": {
				"north": {"uv": [5, 3, 8, 4], "texture": "#texture"},
				"east": {"uv": [5, 3, 8, 4], "texture": "#texture"},
				"south": {"uv": [5, 3, 8, 4], "texture": "#texture"},
				"west": {"uv": [5, 3, 8, 4], "texture": "#texture"},
				"up": {"uv": [5, 3, 8, 4], "texture": "#texture"},
				"down": {"uv": [5, 3, 8, 4], "texture": "#texture"}
			}
		},
		{
			"from": [6.375, 1.0375, 7],
			"to": [8.625, 2.0375, 8],
			"rotation": {"angle": 45, "axis": "z", "origin": [6.375, 1.0375, 7]},
			"faces": {
				"north": {"uv": [5, 4, 8, 3], "texture": "#texture"},
				"east": {"uv": [5, 4, 8, 3], "texture": "#texture"},
				"south": {"uv": [5, 4, 8, 3], "texture": "#texture"},
				"west": {"uv": [5, 4, 8, 3], "texture": "#texture"},
				"up": {"uv": [5, 4, 8, 3], "texture": "#texture"},
				"down": {"uv": [5, 4, 8, 3], "texture": "#texture"}
			}
		},
		{
			"from": [5.6675, 13.105, 6.98],
			"to": [7.8325, 14.145, 8.02],
			"rotation": {"angle": 45, "axis": "z", "origin": [5.6875, 14.125, 7]},
			"faces": {
				"north": {"uv": [8, 3, 10, 4], "rotation": 180, "texture": "#texture"},
				"east": {"uv": [8, 3, 10, 4], "texture": "#texture"},
				"south": {"uv": [8, 3, 10, 4], "texture": "#texture"},
				"west": {"uv": [8, 3, 10, 4], "texture": "#texture"},
				"up": {"uv": [8, 3, 10, 4], "texture": "#texture"},
				"down": {"uv": [8, 3, 10, 4], "texture": "#texture"}
			}
		},
		{
			"from": [5.6675, 0.455, 6.98],
			"to": [7.8325, 1.495, 8.02],
			"rotation": {"angle": -45, "axis": "z", "origin": [5.6875, 0.475, 7]},
			"faces": {
				"north": {"uv": [8, 4, 10, 3], "rotation": 180, "texture": "#texture"},
				"east": {"uv": [8, 4, 10, 3], "texture": "#texture"},
				"south": {"uv": [8, 4, 10, 3], "texture": "#texture"},
				"west": {"uv": [8, 4, 10, 3], "texture": "#texture"},
				"up": {"uv": [8, 4, 10, 3], "texture": "#texture"},
				"down": {"uv": [8, 4, 10, 3], "texture": "#texture"}
			}
		},
		{
			"from": [6.5, 10.5, 6.875],
			"to": [8.125, 12, 8.125],
			"faces": {
				"north": {"uv": [4, 2, 6, 4], "texture": "#texture"},
				"east": {"uv": [3, 2, 5, 4], "texture": "#texture"},
				"south": {"uv": [5, 3, 7, 5], "rotation": 270, "texture": "#texture"},
				"west": {"uv": [5, 2, 7, 4], "texture": "#texture"},
				"up": {"uv": [5, 2, 7, 4], "texture": "#texture"},
				"down": {"uv": [2, 3, 4, 5], "texture": "#texture"}
			}
		},
		{
			"from": [6.5, 2.6, 6.875],
			"to": [8.125, 4.1, 8.125],
			"rotation": {"angle": 0, "axis": "y", "origin": [8, 6.6, 8]},
			"faces": {
				"north": {"uv": [4, 4, 6, 2], "texture": "#texture"},
				"east": {"uv": [3, 4, 5, 2], "texture": "#texture"},
				"south": {"uv": [7, 3, 5, 5], "rotation": 270, "texture": "#texture"},
				"west": {"uv": [5, 4, 7, 2], "texture": "#texture"},
				"up": {"uv": [2, 5, 4, 3], "texture": "#texture"},
				"down": {"uv": [5, 4, 7, 2], "texture": "#texture"}
			}
		},
		{
			"from": [6.875, 14.875, 7],
			"to": [7.875, 16.875, 8],
			"faces": {
				"north": {"uv": [12, 1, 14, 2], "rotation": 270, "texture": "#texture"},
				"east": {"uv": [12, 1, 14, 2], "rotation": 270, "texture": "#texture"},
				"south": {"uv": [12, 1, 14, 2], "rotation": 270, "texture": "#texture"},
				"west": {"uv": [12, 1, 14, 2], "rotation": 270, "texture": "#texture"},
				"up": {"uv": [12, 1, 14, 2], "rotation": 270, "texture": "#texture"},
				"down": {"uv": [12, 1, 14, 2], "rotation": 270, "texture": "#texture"}
			}
		},
		{
			"from": [6.875, -2.275, 7],
			"to": [7.875, -0.275, 8],
			"rotation": {"angle": 0, "axis": "y", "origin": [8, 6.6, 8]},
			"faces": {
				"north": {"uv": [14, 1, 12, 2], "rotation": 270, "texture": "#texture"},
				"east": {"uv": [14, 1, 12, 2], "rotation": 270, "texture": "#texture"},
				"south": {"uv": [14, 1, 12, 2], "rotation": 270, "texture": "#texture"},
				"west": {"uv": [14, 1, 12, 2], "rotation": 270, "texture": "#texture"},
				"up": {"uv": [14, 1, 12, 2], "rotation": 270, "texture": "#texture"},
				"down": {"uv": [14, 1, 12, 2], "rotation": 270, "texture": "#texture"}
			}
		},
		{
			"from": [6.875, 15.375, 6.875],
			"to": [11.875, 16.875, 8.125],
			"rotation": {"angle": 22.5, "axis": "z", "origin": [6.875, 16.875, 6.875]},
			"faces": {
				"north": {"uv": [16, 0, 11, 2], "rotation": 180, "texture": "#texture"},
				"east": {"uv": [9, 0, 11, 2], "rotation": 180, "texture": "#texture"},
				"south": {"uv": [11, 0, 16, 2], "rotation": 180, "texture": "#texture"},
				"west": {"uv": [11, 0, 16, 2], "rotation": 180, "texture": "#texture"},
				"up": {"uv": [14, 0, 16, 5], "rotation": 270, "texture": "#texture"},
				"down": {"uv": [11, 0, 16, 2], "rotation": 180, "texture": "#texture"}
			}
		},
		{
			"from": [6.875, -2.275, 6.875],
			"to": [11.875, -0.775, 8.125],
			"rotation": {"angle": -22.5, "axis": "z", "origin": [6.875, -2.275, 6.875]},
			"faces": {
				"north": {"uv": [16, 2, 11, 0], "rotation": 180, "texture": "#texture"},
				"east": {"uv": [9, 2, 11, 0], "rotation": 180, "texture": "#texture"},
				"south": {"uv": [11, 2, 16, 0], "rotation": 180, "texture": "#texture"},
				"west": {"uv": [11, 2, 16, 0], "rotation": 180, "texture": "#texture"},
				"up": {"uv": [11, 2, 16, 0], "rotation": 180, "texture": "#texture"},
				"down": {"uv": [16, 0, 14, 5], "rotation": 270, "texture": "#texture"}
			}
		},
		{
			"from": [5.69263, 12.8464, 7.00322],
			"to": [6.69041, 14.0936, 8.001],
			"faces": {
				"north": {"uv": [7, 2, 7.997, 3.247], "texture": "#texture"},
				"east": {"uv": [7, 2, 7.997, 3.247], "texture": "#texture"},
				"south": {"uv": [7, 2, 7.997, 3.247], "texture": "#texture"},
				"west": {"uv": [7, 2, 7.997, 3.247], "texture": "#texture"},
				"up": {"uv": [7, 2, 7.997, 3.247], "texture": "#texture"},
				"down": {"uv": [7, 2, 7.997, 3.247], "texture": "#texture"}
			}
		},
		{
			"from": [5.69263, 0.5064, 7.00322],
			"to": [6.69041, 1.7536, 8.001],
			"rotation": {"angle": 0, "axis": "y", "origin": [8, 6.6, 8]},
			"faces": {
				"north": {"uv": [7, 3.247, 7.997, 2], "texture": "#texture"},
				"east": {"uv": [7, 3.247, 7.997, 2], "texture": "#texture"},
				"south": {"uv": [7, 3.247, 7.997, 2], "texture": "#texture"},
				"west": {"uv": [7, 3.247, 7.997, 2], "texture": "#texture"},
				"up": {"uv": [7, 3.247, 7.997, 2], "texture": "#texture"},
				"down": {"uv": [7, 3.247, 7.997, 2], "texture": "#texture"}
			}
		},
		{
			"from": [10.209, 16.635, 6.885],
			"to": [12.189, 18.115, 8.115],
			"rotation": {"angle": -22.5, "axis": "z", "origin": [10.199, 18.125, 6.875]},
			"faces": {
				"north": {"uv": [6, 1, 8, 3], "texture": "#texture"},
				"east": {"uv": [6, 1, 8, 3], "texture": "#texture"},
				"south": {"uv": [6, 1, 8, 3], "texture": "#texture"},
				"west": {"uv": [6, 1, 8, 3], "texture": "#texture"},
				"up": {"uv": [6, 1, 8, 3], "texture": "#texture"},
				"down": {"uv": [6, 1, 8, 3], "texture": "#texture"}
			}
		},
		{
			"from": [10.209, -3.515, 6.885],
			"to": [12.189, -2.035, 8.115],
			"rotation": {"angle": 22.5, "axis": "z", "origin": [10.199, -3.525, 6.875]},
			"faces": {
				"north": {"uv": [6, 3, 8, 1], "texture": "#texture"},
				"east": {"uv": [6, 3, 8, 1], "texture": "#texture"},
				"south": {"uv": [6, 3, 8, 1], "texture": "#texture"},
				"west": {"uv": [6, 3, 8, 1], "texture": "#texture"},
				"up": {"uv": [6, 3, 8, 1], "texture": "#texture"},
				"down": {"uv": [6, 3, 8, 1], "texture": "#texture"}
			}
		},
		{
			"from": [3.4375, 12.1875, 4],
			"to": [10.0625, 12.25, 10.75],
			"rotation": {"angle": 22.5, "axis": "z", "origin": [3.4375, 12.25, 4]},
			"faces": {
				"up": {"uv": [0, 0, 16, 16], "texture": "#water_atom"},
				"down": {"uv": [16, 0, 0, 16], "texture": "#water_atom"}
			}
		},
		{
			"from": [3.4375, 12.875, 4],
			"to": [10.0625, 12.9375, 10.75],
			"rotation": {"angle": 22.5, "axis": "z", "origin": [3.4375, 12.9375, 4]},
			"faces": {
				"up": {"uv": [0, 0, 16, 16], "texture": "#water_atom"},
				"down": {"uv": [16, 0, 0, 16], "texture": "#water_atom"}
			}
		},
		{
			"from": [3.5625, 11.5625, 4],
			"to": [10.1875, 11.625, 10.75],
			"rotation": {"angle": 22.5, "axis": "z", "origin": [3.5625, 11.625, 4]},
			"faces": {
				"up": {"uv": [0, 0, 16, 16], "texture": "#water_atom"},
				"down": {"uv": [16, 0, 0, 16], "texture": "#water_atom"}
			}
		},
		{
			"from": [3.4375, 2.1875, 4],
			"to": [10.0625, 2.25, 10.75],
			"rotation": {"angle": -22.5, "axis": "z", "origin": [3.4375, 2.25, 4]},
			"faces": {
				"up": {"uv": [0, 0, 16, 16], "texture": "#water_atom"},
				"down": {"uv": [16, 0, 0, 16], "texture": "#water_atom"}
			}
		},
		{
			"from": [3.4375, 2.875, 4],
			"to": [10.0625, 2.9375, 10.75],
			"rotation": {"angle": -22.5, "axis": "z", "origin": [3.4375, 2.9375, 4]},
			"faces": {
				"up": {"uv": [0, 0, 16, 16], "texture": "#water_atom"},
				"down": {"uv": [16, 0, 0, 16], "texture": "#water_atom"}
			}
		},
		{
			"from": [3.5625, 1.5625, 4],
			"to": [10.1875, 1.625, 10.75],
			"rotation": {"angle": -22.5, "axis": "z", "origin": [3.5625, 1.625, 4]},
			"faces": {
				"up": {"uv": [0, 0, 16, 16], "texture": "#water_atom"},
				"down": {"uv": [16, 0, 0, 16], "texture": "#water_atom"}
			}
		},
		{
			"from": [11.25, -2.125, 7.25],
			"to": [11.375, 16.375, 7.625],
			"faces": {
				"north": {"uv": [5.875, 13.75, 15.5, 14.5], "texture": "#texture"},
				"east": {"uv": [10.5, 13.375, 11.625, 14.5], "texture": "#texture"},
				"south": {"uv": [6, 14, 15.625, 14.75], "texture": "#texture"},
				"west": {"uv": [10.5, 13.375, 11.625, 14.5], "texture": "#texture"},
				"up": {"uv": [6, 13.75, 15.75, 14.25], "texture": "#texture"},
				"down": {"uv": [6, 13.75, 15.75, 14.25], "texture": "#texture"}
			}
		}
	],
	"display": {
		"thirdperson_righthand": {
			"rotation": [0, -90, 0],
			"translation": [-0.75, -1.01, 5],
			"scale": [1.5, 1.5, 1.5]
		},
		"thirdperson_lefthand": {
			"rotation": [0, 90, 0],
			"translation": [1, -1.51, 5],
			"scale": [1.5, 1.5, 1.5]
		},
		"firstperson_righthand": {
			"rotation": [-5, -90, 0],
			"translation": [2.25, 8, -0.75],
			"scale": [0.8, 0.9, 0.8]
		},
		"firstperson_lefthand": {
			"rotation": [-5, 90, 0],
			"translation": [2.25, 8, -0.75],
			"scale": [0.8, 0.9, 0.8]
		},
		"ground": {
			"rotation": [45, 45, 0],
			"translation": [0, 5.5, 0],
			"scale": [0.8, 0.8, 0.8]
		},
		"gui": {
			"rotation": [-20, 160, 30],
			"translation": [0, 1.25, 0],
			"scale": [-1, 1, 1]
		}
	}
}