{
	"credit": "Made by zeldahuman with Blockbench - https://blockbench.net",
	"ambientocclusion": false,
	"textures": {
		"texture": "wynn/weapons/archer/basic_gold"
	},
	"elements": [
		{
			"from": [7, 25, 12],
			"to": [9, 27, 14],
			"rotation": {"angle": 0, "axis": "y", "origin": [8, 8, 7]},
			"faces": {
				"north": {"uv": [6, 0, 8, 2], "texture": "#texture"},
				"east": {"uv": [8, 0, 6, 2], "texture": "#texture"},
				"south": {"uv": [6, 0, 8, 2], "texture": "#texture"},
				"west": {"uv": [6, 0, 8, 2], "texture": "#texture"},
				"up": {"uv": [6, 0, 8, 2], "texture": "#texture"},
				"down": {"uv": [6, 0, 8, 2], "texture": "#texture"}
			}
		},
		{
			"from": [7, 24, 11],
			"to": [9, 26, 13],
			"rotation": {"angle": 0, "axis": "y", "origin": [8, 8, 7]},
			"faces": {
				"north": {"uv": [5, 1, 7, 3], "texture": "#texture"},
				"east": {"uv": [7, 1, 5, 3], "texture": "#texture"},
				"south": {"uv": [5, 1, 7, 3], "texture": "#texture"},
				"west": {"uv": [5, 1, 7, 3], "texture": "#texture"},
				"up": {"uv": [5, 1, 7, 3], "rotation": 90, "texture": "#texture"},
				"down": {"uv": [5, 1, 7, 3], "rotation": 90, "texture": "#texture"}
			}
		},
		{
			"from": [7, 22, 10],
			"to": [9, 24, 12],
			"rotation": {"angle": 0, "axis": "y", "origin": [8, 8, 7]},
			"faces": {
				"north": {"uv": [4, 3, 6, 5], "texture": "#texture"},
				"east": {"uv": [6, 3, 4, 5], "texture": "#texture"},
				"south": {"uv": [5, 3, 6, 5], "texture": "#texture"},
				"west": {"uv": [4, 3, 6, 5], "texture": "#texture"},
				"up": {"uv": [4, 3, 6, 4], "rotation": 90, "texture": "#texture"},
				"down": {"uv": [4, 3, 6, 5], "texture": "#texture"}
			}
		},
		{
			"from": [7, 20, 9],
			"to": [9, 23, 11],
			"rotation": {"angle": 0, "axis": "y", "origin": [8, 8, 7]},
			"faces": {
				"north": {"uv": [3, 4, 5, 7], "texture": "#texture"},
				"east": {"uv": [5, 4, 3, 7], "texture": "#texture"},
				"south": {"uv": [3, 4, 5, 7], "texture": "#texture"},
				"west": {"uv": [3, 4, 5, 7], "texture": "#texture"},
				"up": {"uv": [3, 4, 5, 6], "rotation": 90, "texture": "#texture"},
				"down": {"uv": [3, 5, 5, 7], "texture": "#texture"}
			}
		},
		{
			"from": [7, 19, 8],
			"to": [9, 21, 10],
			"rotation": {"angle": 0, "axis": "y", "origin": [8, 8, 7]},
			"faces": {
				"north": {"uv": [2, 6, 4, 8], "texture": "#texture"},
				"east": {"uv": [4, 6, 2, 8], "texture": "#texture"},
				"south": {"uv": [2, 6, 4, 8], "texture": "#texture"},
				"west": {"uv": [2, 6, 4, 8], "texture": "#texture"},
				"up": {"uv": [2, 6, 4, 8], "rotation": 90, "texture": "#texture"}
			}
		},
		{
			"from": [6.5, 15, 7],
			"to": [9.5, 19, 10],
			"rotation": {"angle": 0, "axis": "y", "origin": [8, 8, 7]},
			"faces": {
				"north": {"uv": [0, 10, 3, 14], "texture": "#texture"},
				"east": {"uv": [4, 8, 1, 12], "texture": "#texture"},
				"south": {"uv": [3, 8, 4, 12], "texture": "#texture"},
				"west": {"uv": [1, 8, 4, 12], "texture": "#texture"},
				"up": {"uv": [1, 8, 4, 9], "rotation": 90, "texture": "#texture"},
				"down": {"uv": [13, 7, 16, 10], "rotation": 90, "texture": "#texture"}
			}
		},
		{
			"from": [6.5, 12, 6],
			"to": [9.5, 17, 9],
			"rotation": {"angle": 0, "axis": "y", "origin": [8, 8, 7]},
			"faces": {
				"north": {"uv": [0, 10, 3, 15], "texture": "#texture"},
				"east": {"uv": [3, 10, 0, 15], "texture": "#texture"},
				"south": {"uv": [2, 10, 3, 15], "texture": "#texture"},
				"west": {"uv": [0, 10, 3, 15], "texture": "#texture"},
				"up": {"uv": [0, 10, 3, 13], "texture": "#texture"}
			}
		},
		{
			"name": "bracer",
			"from": [6.5, 10, 5],
			"to": [9.5, 12, 9],
			"faces": {
				"north": {"uv": [5, 7, 8, 9], "texture": "#texture"},
				"east": {"uv": [9, 7, 5, 9], "texture": "#texture"},
				"south": {"uv": [6, 7, 9, 9], "texture": "#texture"},
				"west": {"uv": [5, 7, 9, 9], "texture": "#texture"},
				"up": {"uv": [9, 12, 13, 15], "rotation": 90, "texture": "#texture"},
				"down": {"uv": [9, 12, 13, 15], "rotation": 270, "texture": "#texture"}
			}
		},
		{
			"name": "bracer",
			"from": [7, 14, 9],
			"to": [9, 15, 11],
			"faces": {
				"north": {"uv": [3, 12, 5, 13], "texture": "#texture"},
				"east": {"uv": [3, 12, 5, 13], "texture": "#texture"},
				"south": {"uv": [3, 12, 5, 13], "texture": "#texture"},
				"west": {"uv": [3, 12, 5, 13], "texture": "#texture"},
				"up": {"uv": [3, 12, 5, 13], "texture": "#texture"},
				"down": {"uv": [3, 12, 5, 13], "texture": "#texture"}
			}
		},
		{
			"name": "handle",
			"from": [7, 6, 7],
			"to": [9, 10, 9],
			"faces": {
				"north": {"uv": [6, 9, 8, 13], "texture": "#texture"},
				"east": {"uv": [6, 9, 8, 13], "texture": "#texture"},
				"south": {"uv": [6, 9, 8, 13], "texture": "#texture"},
				"west": {"uv": [6, 9, 8, 13], "texture": "#texture"}
			}
		},
		{
			"name": "bracer",
			"from": [6.5, 4, 5],
			"to": [9.5, 6, 9],
			"faces": {
				"north": {"uv": [5, 13, 8, 15], "texture": "#texture"},
				"east": {"uv": [9, 13, 5, 15], "texture": "#texture"},
				"south": {"uv": [6, 13, 9, 15], "texture": "#texture"},
				"west": {"uv": [5, 13, 9, 15], "texture": "#texture"},
				"up": {"uv": [9, 12, 13, 15], "rotation": 90, "texture": "#texture"},
				"down": {"uv": [9, 12, 13, 15], "rotation": 270, "texture": "#texture"}
			}
		},
		{
			"name": "bracer",
			"from": [7, 1, 9],
			"to": [9, 2, 11],
			"faces": {
				"north": {"uv": [11, 2, 13, 3], "texture": "#texture"},
				"east": {"uv": [11, 2, 13, 3], "texture": "#texture"},
				"south": {"uv": [11, 2, 13, 3], "texture": "#texture"},
				"west": {"uv": [11, 2, 13, 3], "texture": "#texture"},
				"up": {"uv": [11, 2, 13, 3], "texture": "#texture"},
				"down": {"uv": [11, 2, 13, 3], "texture": "#texture"}
			}
		},
		{
			"from": [7, -11, 12],
			"to": [9, -9, 14],
			"rotation": {"angle": 0, "axis": "y", "origin": [8, 8, 7]},
			"faces": {
				"north": {"uv": [14, 13, 16, 15], "texture": "#texture"},
				"east": {"uv": [16, 13, 14, 15], "texture": "#texture"},
				"south": {"uv": [14, 13, 16, 15], "texture": "#texture"},
				"west": {"uv": [14, 13, 16, 15], "texture": "#texture"},
				"up": {"uv": [14, 13, 16, 15], "texture": "#texture"},
				"down": {"uv": [14, 13, 16, 15], "texture": "#texture"}
			}
		},
		{
			"from": [7, -10, 11],
			"to": [9, -8, 13],
			"rotation": {"angle": 0, "axis": "y", "origin": [8, 8, 7]},
			"faces": {
				"north": {"uv": [13, 12, 15, 14], "texture": "#texture"},
				"east": {"uv": [15, 12, 13, 14], "texture": "#texture"},
				"south": {"uv": [13, 12, 15, 14], "texture": "#texture"},
				"west": {"uv": [13, 12, 15, 14], "texture": "#texture"},
				"up": {"uv": [13, 12, 15, 14], "texture": "#texture"},
				"down": {"uv": [13, 12, 15, 14], "texture": "#texture"}
			}
		},
		{
			"from": [7, -8, 10],
			"to": [9, -6, 12],
			"rotation": {"angle": 0, "axis": "y", "origin": [8, 8, 7]},
			"faces": {
				"north": {"uv": [12, 10, 14, 12], "texture": "#texture"},
				"east": {"uv": [14, 10, 12, 12], "texture": "#texture"},
				"south": {"uv": [13, 10, 14, 12], "texture": "#texture"},
				"west": {"uv": [12, 10, 14, 12], "texture": "#texture"},
				"up": {"uv": [12, 10, 14, 12], "texture": "#texture"},
				"down": {"uv": [12, 10, 14, 12], "texture": "#texture"}
			}
		},
		{
			"from": [7, -7, 9],
			"to": [9, -4, 11],
			"rotation": {"angle": 0, "axis": "y", "origin": [8, 8, 7]},
			"faces": {
				"north": {"uv": [11, 8, 13, 11], "texture": "#texture"},
				"east": {"uv": [13, 8, 11, 11], "texture": "#texture"},
				"south": {"uv": [11, 8, 13, 11], "texture": "#texture"},
				"west": {"uv": [11, 8, 13, 11], "texture": "#texture"},
				"up": {"uv": [11, 8, 13, 10], "texture": "#texture"},
				"down": {"uv": [11, 9, 13, 11], "texture": "#texture"}
			}
		},
		{
			"from": [7, -5, 8],
			"to": [9, -3, 10],
			"rotation": {"angle": 0, "axis": "y", "origin": [8, 8, 7]},
			"faces": {
				"north": {"uv": [10, 7, 12, 9], "texture": "#texture"},
				"east": {"uv": [12, 7, 10, 9], "texture": "#texture"},
				"south": {"uv": [10, 7, 12, 9], "texture": "#texture"},
				"west": {"uv": [10, 7, 12, 9], "texture": "#texture"},
				"up": {"uv": [10, 7, 12, 9], "texture": "#texture"},
				"down": {"uv": [10, 7, 12, 9], "texture": "#texture"}
			}
		},
		{
			"from": [6.5, -3, 7],
			"to": [9.5, 1, 10],
			"rotation": {"angle": 0, "axis": "y", "origin": [8, 8, 7]},
			"faces": {
				"north": {"uv": [8, 1, 11, 5], "rotation": 180, "texture": "#texture"},
				"east": {"uv": [12, 3, 9, 7], "texture": "#texture"},
				"south": {"uv": [11, 3, 12, 7], "texture": "#texture"},
				"west": {"uv": [9, 3, 12, 7], "texture": "#texture"},
				"up": {"uv": [10, 12, 13, 15], "texture": "#texture"},
				"down": {"uv": [9, 6, 12, 7], "rotation": 270, "texture": "#texture"}
			}
		},
		{
			"from": [6.5, -1, 6],
			"to": [9.5, 4, 9],
			"rotation": {"angle": 0, "axis": "y", "origin": [8, 8, 7]},
			"faces": {
				"north": {"uv": [8, 0, 11, 5], "rotation": 180, "texture": "#texture"},
				"east": {"uv": [11, 0, 8, 5], "texture": "#texture"},
				"south": {"uv": [10, 0, 11, 5], "texture": "#texture"},
				"west": {"uv": [8, 0, 11, 5], "texture": "#texture"},
				"down": {"uv": [8, 2, 11, 5], "texture": "#texture"}
			}
		},
		{
			"name": "string",
			"from": [8, 8, 13.5],
			"to": [8.1, 25, 14],
			"faces": {
				"east": {"uv": [0, 15, 16, 16], "rotation": 90, "texture": "#texture"},
				"west": {"uv": [0, 15, 16, 16], "rotation": 90, "texture": "#texture"}
			}
		},
		{
			"name": "string",
			"from": [8, -9, 13.5],
			"to": [8.1, 8, 14],
			"faces": {
				"east": {"uv": [0, 15, 16, 16], "rotation": 270, "texture": "#texture"},
				"west": {"uv": [0, 15, 16, 16], "rotation": 270, "texture": "#texture"}
			}
		}
	],
	"display": {
		"thirdperson_righthand": {
			"rotation": [0, 10, 0],
			"translation": [-1.56, -2, 1.27],
			"scale": [0.7, 0.7, 0.7]
		},
		"thirdperson_lefthand": {
			"rotation": [0, 10, 0],
			"translation": [-1.56, -2, 1.27],
			"scale": [0.7, 0.7, 0.7]
		},
		"firstperson_righthand": {
			"rotation": [0, -5, 8],
			"translation": [0.25, 4.75, 0],
			"scale": [0.53, 0.53, 0.53]
		},
		"firstperson_lefthand": {
			"rotation": [0, -5, 8],
			"translation": [0.25, 4.75, 0],
			"scale": [0.53, 0.53, 0.53]
		},
		"ground": {
			"rotation": [45, 45, 0],
			"translation": [0, 5.5, 0],
			"scale": [0.4, 0.4, 0.4]
		},
		"gui": {
			"rotation": [60, 50, -60],
			"translation": [-1.5, 2, 0],
			"scale": [0.5, 0.5, 0.5]
		},
		"fixed": {
			"rotation": [0, 90, 0],
			"translation": [-1.5, 0, -1],
			"scale": [0.52, 0.52, 0.52]
		}
	},
	"groups": [
		{
			"name": "upper",
			"origin": [8, 8, 8],
			"children": [0, 1, 2, 3, 4, 5, 6]
		}, 7, 8, 9, 10, 11,
		{
			"name": "lower",
			"origin": [8, 8, 8],
			"children": [12, 13, 14, 15, 16, 17, 18]
		}, 19, 20]
}