{
	"credit": "Made with Blockbench",
	"textures": {
		"texture": "wynn/weapons/archer/water_tier_all",
		"water_atom": "wynn/weapons/anim/water_atom"
	},
	"elements": [
		{
			"from": [5.5, 5.4375, 6.75],
			"to": [6.5, 9.0625, 8.25],
			"faces": {
				"north": {"uv": [13.25, 12.25, 14.75, 15.75], "texture": "#texture"},
				"east": {"uv": [6.25, 12.5, 7.75, 16], "texture": "#texture"},
				"south": {"uv": [13.25, 12.25, 14.75, 15.75], "texture": "#texture"},
				"west": {"uv": [6.25, 12.5, 7.75, 16], "texture": "#texture"},
				"up": {"uv": [10.125, 13.25, 11.625, 14.75], "texture": "#texture"},
				"down": {"uv": [10.125, 13.25, 11.625, 14.75], "texture": "#texture"}
			}
		},
		{
			"from": [4.9375, 7.9375, 7],
			"to": [8.1875, 8.9375, 8],
			"rotation": {"angle": 45, "axis": "z", "origin": [4.9375, 8.9375, 7]},
			"faces": {
				"north": {"uv": [3, 3, 7, 4], "rotation": 180, "texture": "#texture"},
				"east": {"uv": [3, 3, 7, 4], "texture": "#texture"},
				"south": {"uv": [3, 3, 7, 4], "texture": "#texture"},
				"west": {"uv": [3, 3, 7, 4], "texture": "#texture"},
				"up": {"uv": [3, 3, 7, 4], "texture": "#texture"},
				"down": {"uv": [3, 3, 7, 4], "texture": "#texture"}
			}
		},
		{
			"from": [4.9375, 5.5625, 7],
			"to": [8.1875, 6.5625, 8],
			"rotation": {"angle": -45, "axis": "z", "origin": [4.9375, 5.5625, 7]},
			"faces": {
				"north": {"uv": [3, 4, 7, 3], "rotation": 180, "texture": "#texture"},
				"east": {"uv": [3, 4, 7, 3], "texture": "#texture"},
				"south": {"uv": [3, 4, 7, 3], "texture": "#texture"},
				"west": {"uv": [3, 4, 7, 3], "texture": "#texture"},
				"up": {"uv": [3, 4, 7, 3], "texture": "#texture"},
				"down": {"uv": [3, 4, 7, 3], "texture": "#texture"}
			}
		},
		{
			"from": [6.375, 12.5625, 7],
			"to": [8.625, 13.5625, 8],
			"rotation": {"angle": -45, "axis": "z", "origin": [6.375, 13.5625, 7]},
			"faces": {
				"north": {"uv": [7, 1, 10, 2], "texture": "#texture"},
				"east": {"uv": [7, 1, 10, 2], "rotation": 180, "texture": "#texture"},
				"south": {"uv": [7, 1, 10, 2], "rotation": 180, "texture": "#texture"},
				"west": {"uv": [7, 1, 10, 2], "rotation": 180, "texture": "#texture"},
				"up": {"uv": [7, 1, 10, 2], "rotation": 180, "texture": "#texture"},
				"down": {"uv": [7, 1, 10, 2], "rotation": 180, "texture": "#texture"}
			}
		},
		{
			"from": [6.375, 0.9375, 7],
			"to": [8.625, 1.9375, 8],
			"rotation": {"angle": 45, "axis": "z", "origin": [6.375, 0.9375, 7]},
			"faces": {
				"north": {"uv": [7, 2, 10, 1], "texture": "#texture"},
				"east": {"uv": [7, 2, 10, 1], "rotation": 180, "texture": "#texture"},
				"south": {"uv": [7, 2, 10, 1], "rotation": 180, "texture": "#texture"},
				"west": {"uv": [7, 2, 10, 1], "rotation": 180, "texture": "#texture"},
				"up": {"uv": [7, 2, 10, 1], "rotation": 180, "texture": "#texture"},
				"down": {"uv": [7, 2, 10, 1], "rotation": 180, "texture": "#texture"}
			}
		},
		{
			"from": [6.5, 10.5, 6.875],
			"to": [8, 12, 8.125],
			"faces": {
				"north": {"uv": [6, 1, 8, 3], "rotation": 270, "texture": "#texture"},
				"east": {"uv": [6, 1, 8, 3], "rotation": 270, "texture": "#texture"},
				"south": {"uv": [6, 1, 8, 3], "rotation": 270, "texture": "#texture"},
				"west": {"uv": [6, 1, 8, 3], "rotation": 270, "texture": "#texture"},
				"up": {"uv": [6, 1, 8, 3], "rotation": 270, "texture": "#texture"},
				"down": {"uv": [6, 1, 8, 3], "rotation": 270, "texture": "#texture"}
			}
		},
		{
			"from": [6.5, 2.5, 6.875],
			"to": [8, 4, 8.125],
			"rotation": {"angle": 0, "axis": "y", "origin": [8, 6.5, 8]},
			"faces": {
				"north": {"uv": [8, 1, 6, 3], "rotation": 270, "texture": "#texture"},
				"east": {"uv": [8, 1, 6, 3], "rotation": 270, "texture": "#texture"},
				"south": {"uv": [8, 1, 6, 3], "rotation": 270, "texture": "#texture"},
				"west": {"uv": [8, 1, 6, 3], "rotation": 270, "texture": "#texture"},
				"up": {"uv": [8, 1, 6, 3], "rotation": 270, "texture": "#texture"},
				"down": {"uv": [8, 1, 6, 3], "rotation": 270, "texture": "#texture"}
			}
		},
		{
			"from": [5.75, 12.625, 6.875],
			"to": [8.125, 14.125, 8.125],
			"rotation": {"angle": 45, "axis": "z", "origin": [5.75, 14.125, 6.875]},
			"faces": {
				"north": {"uv": [12, 0, 15, 2], "rotation": 180, "texture": "#texture"},
				"east": {"uv": [12, 2, 15, 4], "texture": "#texture"},
				"south": {"uv": [12, 2, 15, 4], "texture": "#texture"},
				"west": {"uv": [12, 2, 15, 4], "texture": "#texture"},
				"up": {"uv": [12, 1, 15, 3], "texture": "#texture"},
				"down": {"uv": [11, 2, 14, 4], "texture": "#texture"}
			}
		},
		{
			"from": [5.75, 0.375, 6.875],
			"to": [8.125, 1.875, 8.125],
			"rotation": {"angle": -45, "axis": "z", "origin": [5.75, 0.375, 6.875]},
			"faces": {
				"north": {"uv": [12, 2, 15, 0], "rotation": 180, "texture": "#texture"},
				"east": {"uv": [12, 4, 15, 2], "texture": "#texture"},
				"south": {"uv": [12, 4, 15, 2], "texture": "#texture"},
				"west": {"uv": [12, 4, 15, 2], "texture": "#texture"},
				"up": {"uv": [11, 4, 14, 2], "texture": "#texture"},
				"down": {"uv": [12, 3, 15, 1], "texture": "#texture"}
			}
		},
		{
			"from": [5.69263, 12.8464, 7.00322],
			"to": [6.69041, 14.0936, 8.001],
			"faces": {
				"north": {"uv": [11, 2, 13, 4], "texture": "#texture"},
				"east": {"uv": [11, 2, 13, 4], "texture": "#texture"},
				"south": {"uv": [11, 2, 13, 4], "texture": "#texture"},
				"west": {"uv": [11, 2, 13, 4], "texture": "#texture"},
				"up": {"uv": [11, 2, 13, 4], "texture": "#texture"},
				"down": {"uv": [11, 2, 13, 4], "texture": "#texture"}
			}
		},
		{
			"from": [5.69263, 0.4064, 7.00322],
			"to": [6.69041, 1.6536, 8.001],
			"rotation": {"angle": 0, "axis": "y", "origin": [8, 6.5, 8]},
			"faces": {
				"north": {"uv": [11, 4, 13, 2], "texture": "#texture"},
				"east": {"uv": [11, 4, 13, 2], "texture": "#texture"},
				"south": {"uv": [11, 4, 13, 2], "texture": "#texture"},
				"west": {"uv": [11, 4, 13, 2], "texture": "#texture"},
				"up": {"uv": [11, 4, 13, 2], "texture": "#texture"},
				"down": {"uv": [11, 4, 13, 2], "texture": "#texture"}
			}
		},
		{
			"from": [4.5625, 4.0625, 4.6875],
			"to": [10.0625, 4.125, 10.0625],
			"rotation": {"angle": -22.5, "axis": "z", "origin": [4.5625, 4.125, 4.6875]},
			"faces": {
				"up": {"uv": [0, 0, 16, 16], "texture": "#water_atom"},
				"down": {"uv": [16, 0, 0, 16], "texture": "#water_atom"}
			}
		},
		{
			"from": [8.625, 15.75, 7.125],
			"to": [11, 16.75, 7.875],
			"rotation": {"angle": 45, "axis": "z", "origin": [8.625, 16.75, 7.125]},
			"faces": {
				"north": {"uv": [14, 1, 15.625, 2.5], "texture": "#texture"},
				"east": {"uv": [14, 1, 15.625, 2.5], "texture": "#texture"},
				"south": {"uv": [14, 1, 15.625, 2.5], "texture": "#texture"},
				"west": {"uv": [14, 1, 15.625, 2.5], "texture": "#texture"},
				"up": {"uv": [14, 1, 15.625, 2.5], "texture": "#texture"},
				"down": {"uv": [14, 1, 15.625, 2.5], "texture": "#texture"}
			}
		},
		{
			"from": [8.625, -2.25, 7.125],
			"to": [11, -1.25, 7.875],
			"rotation": {"angle": -45, "axis": "z", "origin": [8.625, -2.25, 7.125]},
			"faces": {
				"north": {"uv": [14, 2.5, 15.625, 1], "texture": "#texture"},
				"east": {"uv": [14, 2.5, 15.625, 1], "texture": "#texture"},
				"south": {"uv": [14, 2.5, 15.625, 1], "texture": "#texture"},
				"west": {"uv": [14, 2.5, 15.625, 1], "texture": "#texture"},
				"up": {"uv": [14, 2.5, 15.625, 1], "texture": "#texture"},
				"down": {"uv": [14, 2.5, 15.625, 1], "texture": "#texture"}
			}
		},
		{
			"from": [7.375, 14.375, 7],
			"to": [9.375, 15.625, 8],
			"rotation": {"angle": 45, "axis": "z", "origin": [7.375, 15.625, 7]},
			"faces": {
				"north": {"uv": [14, 1, 15.625, 2.25], "texture": "#texture"},
				"east": {"uv": [14, 1, 15.625, 2.25], "texture": "#texture"},
				"south": {"uv": [14, 1, 15.625, 2.25], "texture": "#texture"},
				"west": {"uv": [14, 1, 15.625, 2.25], "texture": "#texture"},
				"up": {"uv": [14, 1, 15.625, 2.25], "texture": "#texture"},
				"down": {"uv": [14, 1, 15.625, 2.25], "texture": "#texture"}
			}
		},
		{
			"from": [7.375, -1.125, 7],
			"to": [9.375, 0.125, 8],
			"rotation": {"angle": -45, "axis": "z", "origin": [7.375, -1.125, 7]},
			"faces": {
				"north": {"uv": [14, 2.25, 15.625, 1], "texture": "#texture"},
				"east": {"uv": [14, 2.25, 15.625, 1], "texture": "#texture"},
				"south": {"uv": [14, 2.25, 15.625, 1], "texture": "#texture"},
				"west": {"uv": [14, 2.25, 15.625, 1], "texture": "#texture"},
				"up": {"uv": [14, 2.25, 15.625, 1], "texture": "#texture"},
				"down": {"uv": [14, 2.25, 15.625, 1], "texture": "#texture"}
			}
		},
		{
			"from": [4.865, 5.49, 6.99],
			"to": [6.01, 9.01, 8.01],
			"faces": {
				"north": {"uv": [0, 1, 1, 5], "texture": "#texture"},
				"east": {"uv": [0, 1, 1, 5], "texture": "#texture"},
				"south": {"uv": [0, 1, 1, 5], "texture": "#texture"},
				"west": {"uv": [0, 1, 1, 5], "texture": "#texture"},
				"up": {"uv": [0, 1, 1.125, 2], "texture": "#texture"},
				"down": {"uv": [0, 1, 1, 5], "texture": "#texture"}
			}
		},
		{
			"from": [4.75, 8.25, 6.75],
			"to": [5.5, 8.75, 8.25],
			"faces": {
				"north": {"uv": [13.25, 12.25, 14.75, 15.75], "texture": "#texture"},
				"east": {"uv": [6.25, 12.5, 7.75, 16], "texture": "#texture"},
				"south": {"uv": [13.25, 12.25, 14.75, 15.75], "texture": "#texture"},
				"west": {"uv": [6.25, 12.5, 7.75, 16], "texture": "#texture"},
				"up": {"uv": [10.125, 13.25, 11.625, 14.75], "texture": "#texture"},
				"down": {"uv": [10.125, 13.25, 11.625, 14.75], "texture": "#texture"}
			}
		},
		{
			"from": [4.75, 7, 6.75],
			"to": [5.5, 7.5, 8.25],
			"faces": {
				"north": {"uv": [13.25, 12.25, 14.75, 15.75], "texture": "#texture"},
				"east": {"uv": [6.25, 12.5, 7.75, 16], "texture": "#texture"},
				"south": {"uv": [13.25, 12.25, 14.75, 15.75], "texture": "#texture"},
				"west": {"uv": [6.25, 12.5, 7.75, 16], "texture": "#texture"},
				"up": {"uv": [10.125, 13.25, 11.625, 14.75], "texture": "#texture"},
				"down": {"uv": [10.125, 13.25, 11.625, 14.75], "texture": "#texture"}
			}
		},
		{
			"from": [4.75, 5.75, 6.75],
			"to": [5.5, 6.25, 8.25],
			"faces": {
				"north": {"uv": [13.25, 12.25, 14.75, 15.75], "texture": "#texture"},
				"east": {"uv": [6.25, 12.5, 7.75, 16], "texture": "#texture"},
				"south": {"uv": [13.25, 12.25, 14.75, 15.75], "texture": "#texture"},
				"west": {"uv": [6.25, 12.5, 7.75, 16], "texture": "#texture"},
				"up": {"uv": [10.125, 13.25, 11.625, 14.75], "texture": "#texture"},
				"down": {"uv": [10.125, 13.25, 11.625, 14.75], "texture": "#texture"}
			}
		},
		{
			"from": [4.5, 4.6875, 4.6875],
			"to": [10, 4.75, 10.0625],
			"rotation": {"angle": -22.5, "axis": "z", "origin": [4.5, 4.75, 4.6875]},
			"faces": {
				"up": {"uv": [0, 0, 16, 16], "texture": "#water_atom"},
				"down": {"uv": [16, 0, 0, 16], "texture": "#water_atom"}
			}
		},
		{
			"from": [4.5625, 9.8125, 4.6875],
			"to": [10.0625, 9.875, 10.0625],
			"rotation": {"angle": 22.5, "axis": "z", "origin": [4.5625, 9.875, 4.6875]},
			"faces": {
				"up": {"uv": [0, 0, 16, 16], "texture": "#water_atom"},
				"down": {"uv": [16, 0, 0, 16], "texture": "#water_atom"}
			}
		},
		{
			"from": [4.5625, 10.4375, 4.6875],
			"to": [10.0625, 10.5, 10.0625],
			"rotation": {"angle": 22.5, "axis": "z", "origin": [4.5625, 10.5, 4.6875]},
			"faces": {
				"up": {"uv": [0, 0, 16, 16], "texture": "#water_atom"},
				"down": {"uv": [16, 0, 0, 16], "texture": "#water_atom"}
			}
		},
		{
			"from": [10.625, -2.625, 7.25],
			"to": [10.75, 17.625, 7.75],
			"faces": {
				"north": {"uv": [6.125, 12.625, 15.875, 13.375], "texture": "#texture"},
				"east": {"uv": [10.5, 13.25, 12, 14.75], "texture": "#texture"},
				"south": {"uv": [6.125, 12.625, 15.875, 13.375], "texture": "#texture"},
				"west": {"uv": [10.5, 13.25, 12, 14.75], "texture": "#texture"},
				"up": {"uv": [5.5, 13.75, 15.625, 14.25], "texture": "#texture"},
				"down": {"uv": [5.5, 13.75, 15.625, 14.25], "texture": "#texture"}
			}
		}
	],
	"display": {
		"thirdperson_righthand": {
			"rotation": [0, -90, 0],
			"translation": [-1, -1.01, 5],
			"scale": [1.5, 1.5, 1.5]
		},
		"thirdperson_lefthand": {
			"rotation": [0, 90, 0],
			"translation": [1, -1.51, 5],
			"scale": [1.5, 1.5, 1.5]
		},
		"firstperson_righthand": {
			"rotation": [-5, -90, 0],
			"translation": [1, 7.25, 0],
			"scale": [0.8, 0.9, 0.8]
		},
		"firstperson_lefthand": {
			"rotation": [-5, 90, 0],
			"translation": [1, 7.25, 0],
			"scale": [0.8, 0.9, 0.8]
		},
		"ground": {
			"rotation": [45, 45, 0],
			"translation": [0, 5.5, 0],
			"scale": [0.8, 0.8, 0.8]
		},
		"gui": {
			"rotation": [-20, 160, 30],
			"translation": [-0.25, 1.5, 0],
			"scale": [-0.9, 0.9, 0.9]
		}
	}
}