{
	"credit": "Made by zeldahuman with Blockbench - https://blockbench.net",
	"textures": {
		"texture": "wynn/weapons/archer/air_tier_all_0",
		"air_anim3": "wynn/weapons/anim/air_swirl"
	},
	"elements": [
		{
			"from": [6, 5, 7.75],
			"to": [7.25, 9, 9.25],
			"faces": {
				"north": {"uv": [3.375, 9.625, 4.375, 11.75], "texture": "#texture"},
				"east": {"uv": [3.375, 9.625, 4.5, 11.875], "texture": "#texture"},
				"south": {"uv": [3.375, 9.625, 4.375, 11.75], "texture": "#texture"},
				"west": {"uv": [3.375, 9.625, 4.5, 11.875], "texture": "#texture"},
				"up": {"uv": [3.375, 10.125, 4.625, 11.625], "texture": "#texture"},
				"down": {"uv": [3.375, 10.125, 4.625, 11.625], "texture": "#texture"}
			}
		},
		{
			"from": [8.8125, 7.875, 8],
			"to": [9.8125, 11.875, 9],
			"rotation": {"angle": -45, "axis": "z", "origin": [8.8125, 11.875, 8]},
			"faces": {
				"north": {"uv": [12.5, 5.125, 13.375, 8.875], "texture": "#texture"},
				"east": {"uv": [5.5, 5.5, 7.625, 8.625], "texture": "#texture"},
				"south": {"uv": [12.5, 5.125, 13.375, 8.875], "texture": "#texture"},
				"west": {"uv": [5.5, 5.5, 7.625, 8.625], "texture": "#texture"},
				"up": {"uv": [7.5, 7.5, 8.375, 8.5], "texture": "#texture"},
				"down": {"uv": [7.5, 7.5, 8.375, 8.5], "texture": "#texture"}
			}
		},
		{
			"from": [10.125, 11.25, 8],
			"to": [11.125, 15.25, 9],
			"rotation": {"angle": -22.5, "axis": "z", "origin": [10.125, 15.25, 8]},
			"faces": {
				"north": {"uv": [12.5, 5.125, 13.375, 8.875], "texture": "#texture"},
				"east": {"uv": [5.5, 5.5, 7.625, 8.625], "texture": "#texture"},
				"south": {"uv": [12.5, 5.125, 13.375, 8.875], "texture": "#texture"},
				"west": {"uv": [5.5, 5.5, 7.625, 8.625], "texture": "#texture"},
				"up": {"uv": [7.5, 7.5, 8.375, 8.5], "texture": "#texture"},
				"down": {"uv": [7.5, 7.5, 8.375, 8.5], "texture": "#texture"}
			}
		},
		{
			"from": [6, 1, 8],
			"to": [7, 5, 9],
			"rotation": {"angle": 45, "axis": "z", "origin": [6, 5, 8]},
			"faces": {
				"north": {"uv": [12.5, 5.125, 13.375, 8.875], "texture": "#texture"},
				"east": {"uv": [5.5, 5.5, 7.625, 8.625], "texture": "#texture"},
				"south": {"uv": [12.5, 5.125, 13.375, 8.875], "texture": "#texture"},
				"west": {"uv": [5.5, 5.5, 7.625, 8.625], "texture": "#texture"},
				"up": {"uv": [7.5, 7.5, 8.375, 8.5], "texture": "#texture"},
				"down": {"uv": [7.5, 7.5, 8.375, 8.5], "texture": "#texture"}
			}
		},
		{
			"from": [8.5625, -1.375, 8],
			"to": [9.5625, 2.625, 9],
			"rotation": {"angle": 22.5, "axis": "z", "origin": [8.5625, 2.625, 8]},
			"faces": {
				"north": {"uv": [12.5, 5.125, 13.375, 8.875], "texture": "#texture"},
				"east": {"uv": [5.5, 5.5, 7.625, 8.625], "texture": "#texture"},
				"south": {"uv": [12.5, 5.125, 13.375, 8.875], "texture": "#texture"},
				"west": {"uv": [5.5, 5.5, 7.625, 8.625], "texture": "#texture"},
				"up": {"uv": [7.5, 7.5, 8.375, 8.5], "texture": "#texture"},
				"down": {"uv": [7.5, 7.5, 8.375, 8.5], "texture": "#texture"}
			}
		},
		{
			"from": [9.875, 13.75, 7.75],
			"to": [15.125, 15.25, 9.25],
			"rotation": {"angle": 45, "axis": "z", "origin": [9.875, 15.25, 7.75]},
			"faces": {
				"north": {"uv": [12.125, 4.125, 15.875, 4.875], "texture": "#texture"},
				"east": {"uv": [13.5, 3.25, 15, 4.75], "texture": "#texture"},
				"south": {"uv": [12.125, 4.125, 15.875, 4.875], "texture": "#texture"},
				"west": {"uv": [13.5, 3.25, 15, 4.75], "texture": "#texture"},
				"up": {"uv": [11.375, 3.375, 16, 4.625], "texture": "#texture"},
				"down": {"uv": [11.375, 3.375, 16, 4.625], "texture": "#texture"}
			}
		},
		{
			"from": [11, -1.5, 7.75],
			"to": [16.25, 0, 9.25],
			"rotation": {"angle": -45, "axis": "z", "origin": [11, 0, 7.75]},
			"faces": {
				"north": {"uv": [12.125, 4.125, 15.875, 4.875], "texture": "#texture"},
				"east": {"uv": [13.5, 3.25, 15, 4.75], "texture": "#texture"},
				"south": {"uv": [12.125, 4.125, 15.875, 4.875], "texture": "#texture"},
				"west": {"uv": [13.5, 3.25, 15, 4.75], "texture": "#texture"},
				"up": {"uv": [11.375, 3.375, 16, 4.625], "texture": "#texture"},
				"down": {"uv": [11.375, 3.375, 16, 4.625], "texture": "#texture"}
			}
		},
		{
			"from": [5.75, 9, 8],
			"to": [6.25, 11.5, 9],
			"faces": {
				"north": {"uv": [6.125, 1.75, 11.375, 2.25], "rotation": 90, "texture": "#texture"},
				"east": {"uv": [5, 1.625, 9.375, 2.25], "rotation": 90, "texture": "#texture"},
				"south": {"uv": [6.125, 1.75, 11.375, 2.25], "rotation": 90, "texture": "#texture"},
				"west": {"uv": [5, 1.625, 9.375, 2.25], "rotation": 90, "texture": "#texture"},
				"up": {"uv": [12.75, 0.5, 13.25, 1.5], "texture": "#texture"},
				"down": {"uv": [12.75, 0.5, 13.25, 1.5], "texture": "#texture"}
			}
		},
		{
			"from": [10.5, 10.875, 8],
			"to": [11, 16.875, 9],
			"rotation": {"angle": -45, "axis": "z", "origin": [10.5, 16.875, 8]},
			"faces": {
				"north": {"uv": [6.125, 1.75, 11.375, 2.25], "rotation": 90, "texture": "#texture"},
				"east": {"uv": [5, 1.625, 9.375, 2.25], "rotation": 90, "texture": "#texture"},
				"south": {"uv": [6.125, 1.75, 11.375, 2.25], "rotation": 90, "texture": "#texture"},
				"west": {"uv": [5, 1.625, 9.375, 2.25], "rotation": 90, "texture": "#texture"},
				"up": {"uv": [12.75, 0.5, 13.25, 1.5], "texture": "#texture"},
				"down": {"uv": [12.75, 0.5, 13.25, 1.5], "texture": "#texture"}
			}
		},
		{
			"from": [6.25, 11.375, 8],
			"to": [6.75, 12.625, 9],
			"rotation": {"angle": -22.5, "axis": "z", "origin": [6.25, 12.625, 8]},
			"faces": {
				"north": {"uv": [6.125, 1.75, 11.375, 2.25], "rotation": 90, "texture": "#texture"},
				"east": {"uv": [5, 1.625, 9.375, 2.25], "rotation": 90, "texture": "#texture"},
				"south": {"uv": [6.125, 1.75, 11.375, 2.25], "rotation": 90, "texture": "#texture"},
				"west": {"uv": [5, 1.625, 9.375, 2.25], "rotation": 90, "texture": "#texture"},
				"up": {"uv": [12.75, 0.5, 13.25, 1.5], "texture": "#texture"},
				"down": {"uv": [12.75, 0.5, 13.25, 1.5], "texture": "#texture"}
			}
		},
		{
			"from": [10.5, 16.375, 8],
			"to": [11.5, 16.875, 9],
			"faces": {
				"north": {"uv": [6.125, 1.75, 11.375, 2.25], "rotation": 90, "texture": "#texture"},
				"east": {"uv": [5, 1.625, 9.375, 2.25], "rotation": 90, "texture": "#texture"},
				"south": {"uv": [6.125, 1.75, 11.375, 2.25], "rotation": 90, "texture": "#texture"},
				"west": {"uv": [5, 1.625, 9.375, 2.25], "rotation": 90, "texture": "#texture"},
				"up": {"uv": [12.75, 0.5, 13.25, 1.5], "texture": "#texture"},
				"down": {"uv": [12.75, 0.5, 13.25, 1.5], "texture": "#texture"}
			}
		},
		{
			"from": [6.125, 5.125, 7.5],
			"to": [6.375, 9, 9.5],
			"faces": {
				"north": {"uv": [13.375, 12.25, 15.375, 12.75], "texture": "#texture"},
				"east": {"uv": [13.5, 9.5, 15.5, 10], "texture": "#texture"},
				"south": {"uv": [13.375, 12.25, 15.375, 12.75], "texture": "#texture"},
				"west": {"uv": [13.5, 9.5, 15.5, 10], "texture": "#texture"},
				"up": {"uv": [13.75, 9.5, 15.75, 11.5], "texture": "#texture"},
				"down": {"uv": [13.75, 9.5, 15.75, 11.5], "texture": "#texture"}
			}
		},
		{
			"from": [5.75, 2.5, 8],
			"to": [6.25, 5, 9],
			"faces": {
				"north": {"uv": [6.125, 1.75, 11.375, 2.25], "rotation": 90, "texture": "#texture"},
				"east": {"uv": [5, 1.625, 9.375, 2.25], "rotation": 90, "texture": "#texture"},
				"south": {"uv": [6.125, 1.75, 11.375, 2.25], "rotation": 90, "texture": "#texture"},
				"west": {"uv": [5, 1.625, 9.375, 2.25], "rotation": 90, "texture": "#texture"},
				"up": {"uv": [12.75, 0.5, 13.25, 1.5], "texture": "#texture"},
				"down": {"uv": [12.75, 0.5, 13.25, 1.5], "texture": "#texture"}
			}
		},
		{
			"from": [5.75, 1.25, 8],
			"to": [6.25, 2.5, 9],
			"rotation": {"angle": 22.5, "axis": "z", "origin": [5.75, 2.5, 8]},
			"faces": {
				"north": {"uv": [6.125, 1.75, 11.375, 2.25], "rotation": 90, "texture": "#texture"},
				"east": {"uv": [5, 1.625, 9.375, 2.25], "rotation": 90, "texture": "#texture"},
				"south": {"uv": [6.125, 1.75, 11.375, 2.25], "rotation": 90, "texture": "#texture"},
				"west": {"uv": [5, 1.625, 9.375, 2.25], "rotation": 90, "texture": "#texture"},
				"up": {"uv": [12.75, 0.5, 13.25, 1.5], "texture": "#texture"},
				"down": {"uv": [12.75, 0.5, 13.25, 1.5], "texture": "#texture"}
			}
		},
		{
			"from": [6.1875, -4.625, 8],
			"to": [6.6875, 1.375, 9],
			"rotation": {"angle": 45, "axis": "z", "origin": [6.1875, 1.375, 8]},
			"faces": {
				"north": {"uv": [6.125, 1.75, 11.375, 2.25], "rotation": 90, "texture": "#texture"},
				"east": {"uv": [5, 1.625, 9.375, 2.25], "rotation": 90, "texture": "#texture"},
				"south": {"uv": [6.125, 1.75, 11.375, 2.25], "rotation": 90, "texture": "#texture"},
				"west": {"uv": [5, 1.625, 9.375, 2.25], "rotation": 90, "texture": "#texture"},
				"up": {"uv": [12.75, 0.5, 13.25, 1.5], "texture": "#texture"},
				"down": {"uv": [12.75, 0.5, 13.25, 1.5], "texture": "#texture"}
			}
		},
		{
			"from": [10.4375, -2.875, 8],
			"to": [11.4375, -2.375, 9],
			"faces": {
				"north": {"uv": [6.125, 1.75, 11.375, 2.25], "rotation": 90, "texture": "#texture"},
				"east": {"uv": [5, 1.625, 9.375, 2.25], "rotation": 90, "texture": "#texture"},
				"south": {"uv": [6.125, 1.75, 11.375, 2.25], "rotation": 90, "texture": "#texture"},
				"west": {"uv": [5, 1.625, 9.375, 2.25], "rotation": 90, "texture": "#texture"},
				"up": {"uv": [12.75, 0.5, 13.25, 1.5], "texture": "#texture"},
				"down": {"uv": [12.75, 0.5, 13.25, 1.5], "texture": "#texture"}
			}
		},
		{
			"from": [5.625, 8.875, 7.375],
			"to": [7.625, 9.5, 9.625],
			"faces": {
				"north": {"uv": [13.5, 4.375, 15.5, 4.625], "texture": "#texture"},
				"east": {"uv": [13.25, 3.5, 15.25, 3.75], "texture": "#texture"},
				"south": {"uv": [13.5, 4.375, 15.5, 4.625], "texture": "#texture"},
				"west": {"uv": [13.25, 3.5, 15.25, 3.75], "texture": "#texture"},
				"up": {"uv": [12.875, 3.375, 14.875, 4.625], "texture": "#texture"},
				"down": {"uv": [12.875, 3.375, 14.875, 4.625], "texture": "#texture"}
			}
		},
		{
			"from": [13.5, -3.25, 8.25],
			"to": [13.625, 17.375, 8.75],
			"faces": {
				"north": {"uv": [12.5, 5.125, 13.375, 8.875], "texture": "#texture"},
				"east": {"uv": [5.5, 5.5, 7.625, 8.625], "texture": "#texture"},
				"south": {"uv": [12.5, 5.125, 13.375, 8.875], "texture": "#texture"},
				"west": {"uv": [5.5, 5.5, 7.625, 8.625], "texture": "#texture"},
				"up": {"uv": [7.5, 7.5, 8.375, 8.5], "texture": "#texture"},
				"down": {"uv": [7.5, 7.5, 8.375, 8.5], "texture": "#texture"}
			}
		},
		{
			"from": [2.75, 5.0625, 4.375],
			"to": [10.75, 5.125, 12.75],
			"faces": {
				"up": {"uv": [0, 0, 16, 16], "texture": "#air_anim3"},
				"down": {"uv": [0, 16, 16, 0], "texture": "#air_anim3"}
			}
		},
		{
			"from": [2.75, 9.1875, 4.375],
			"to": [10.75, 9.25, 12.75],
			"faces": {
				"up": {"uv": [0, 0, 16, 16], "rotation": 180, "texture": "#air_anim3"},
				"down": {"uv": [0, 16, 16, 0], "rotation": 180, "texture": "#air_anim3"}
			}
		},
		{
			"from": [5.875, 5.25, 7.875],
			"to": [7.375, 8.875, 8.125],
			"faces": {
				"north": {"uv": [13.375, 12.25, 15.375, 12.75], "texture": "#texture"},
				"east": {"uv": [13.5, 9.5, 15.5, 10], "texture": "#texture"},
				"south": {"uv": [13.375, 12.25, 15.375, 12.75], "texture": "#texture"},
				"west": {"uv": [13.5, 9.5, 15.5, 10], "texture": "#texture"},
				"up": {"uv": [13.75, 9.5, 15.75, 11.5], "texture": "#texture"},
				"down": {"uv": [13.75, 9.5, 15.75, 11.5], "texture": "#texture"}
			}
		},
		{
			"from": [6.5, 5.125, 7.5],
			"to": [6.75, 9, 9.5],
			"faces": {
				"north": {"uv": [13.375, 12.25, 15.375, 12.75], "texture": "#texture"},
				"east": {"uv": [13.5, 9.5, 15.5, 10], "texture": "#texture"},
				"south": {"uv": [13.375, 12.25, 15.375, 12.75], "texture": "#texture"},
				"west": {"uv": [13.5, 9.5, 15.5, 10], "texture": "#texture"},
				"up": {"uv": [13.75, 9.5, 15.75, 11.5], "texture": "#texture"},
				"down": {"uv": [13.75, 9.5, 15.75, 11.5], "texture": "#texture"}
			}
		},
		{
			"from": [6.875, 5.125, 7.5],
			"to": [7.125, 9, 9.5],
			"faces": {
				"north": {"uv": [13.375, 12.25, 15.375, 12.75], "texture": "#texture"},
				"east": {"uv": [13.5, 9.5, 15.5, 10], "texture": "#texture"},
				"south": {"uv": [13.375, 12.25, 15.375, 12.75], "texture": "#texture"},
				"west": {"uv": [13.5, 9.5, 15.5, 10], "texture": "#texture"},
				"up": {"uv": [13.75, 9.5, 15.75, 11.5], "texture": "#texture"},
				"down": {"uv": [13.75, 9.5, 15.75, 11.5], "texture": "#texture"}
			}
		},
		{
			"from": [5.875, 5.25, 8.375],
			"to": [7.375, 8.875, 8.625],
			"faces": {
				"north": {"uv": [13.375, 12.25, 15.375, 12.75], "texture": "#texture"},
				"east": {"uv": [13.5, 9.5, 15.5, 10], "texture": "#texture"},
				"south": {"uv": [13.375, 12.25, 15.375, 12.75], "texture": "#texture"},
				"west": {"uv": [13.5, 9.5, 15.5, 10], "texture": "#texture"},
				"up": {"uv": [13.75, 9.5, 15.75, 11.5], "texture": "#texture"},
				"down": {"uv": [13.75, 9.5, 15.75, 11.5], "texture": "#texture"}
			}
		},
		{
			"from": [5.875, 5.25, 8.875],
			"to": [7.375, 8.875, 9.125],
			"faces": {
				"north": {"uv": [13.375, 12.25, 15.375, 12.75], "texture": "#texture"},
				"east": {"uv": [13.5, 9.5, 15.5, 10], "texture": "#texture"},
				"south": {"uv": [13.375, 12.25, 15.375, 12.75], "texture": "#texture"},
				"west": {"uv": [13.5, 9.5, 15.5, 10], "texture": "#texture"},
				"up": {"uv": [13.75, 9.5, 15.75, 11.5], "texture": "#texture"},
				"down": {"uv": [13.75, 9.5, 15.75, 11.5], "texture": "#texture"}
			}
		},
		{
			"from": [5.625, 4.75, 7.375],
			"to": [7.625, 5.375, 9.625],
			"faces": {
				"north": {"uv": [13.5, 4.375, 15.5, 4.625], "texture": "#texture"},
				"east": {"uv": [13.25, 3.5, 15.25, 3.75], "texture": "#texture"},
				"south": {"uv": [13.5, 4.375, 15.5, 4.625], "texture": "#texture"},
				"west": {"uv": [13.25, 3.5, 15.25, 3.75], "texture": "#texture"},
				"up": {"uv": [12.875, 3.375, 14.875, 4.625], "texture": "#texture"},
				"down": {"uv": [12.875, 3.375, 14.875, 4.625], "texture": "#texture"}
			}
		}
	],
	"display": {
		"thirdperson_righthand": {
			"rotation": [0, -90, 0],
			"translation": [1, -1, 3],
			"scale": [1.25, 1.5, 1.25]
		},
		"thirdperson_lefthand": {
			"rotation": [0, 90, 0],
			"translation": [-1.5, 0, 3],
			"scale": [1.25, 1.5, 1.25]
		},
		"firstperson_righthand": {
			"rotation": [10, -100, 0],
			"translation": [1.5, 5.75, -2]
		},
		"firstperson_lefthand": {
			"rotation": [10, 80, 0],
			"translation": [0.25, 5.75, -2]
		},
		"ground": {
			"rotation": [45, 45, 0],
			"translation": [0, 8, 0],
			"scale": [0.9, 0.9, 0.9]
		},
		"gui": {
			"rotation": [-20, 160, 30],
			"translation": [-2.25, 3, 0],
			"scale": [-0.95, 0.95, 0.95]
		},
		"fixed": {
			"translation": [0, 1, -1]
		}
	}
}