{
    "parent": "item/wynn/archer/bow_basic_wood",
	"overrides": [
		{
        "predicate": { "damage": 0.0026 },
        "model":"item/wynn/archer/bow_basic_gold"
		},
		{
        "predicate": { "damage": 0.0052 },
        "model":"item/wynn/archer/bow_earth_a"
		},
		{
        "predicate": { "damage": 0.0078 },
        "model":"item/wynn/archer/bow_earth_b"
		},
		{
        "predicate": { "damage": 0.0104 },
        "model":"item/wynn/archer/bow_earth_c"
		},
		{
        "predicate": { "damage": 0.0130 },
        "model":"item/wynn/archer/bow_thunder_a"
		},
		{
        "predicate": { "damage": 0.0156 },
        "model":"item/wynn/archer/bow_thunder_b"
		},
		{
        "predicate": { "damage": 0.0182 },
        "model":"item/wynn/archer/bow_thunder_c"
		},
		{
        "predicate": { "damage": 0.0208 },
        "model":"item/wynn/archer/bow_fire_a"
		},
		{
        "predicate": { "damage": 0.0234 },
        "model":"item/wynn/archer/bow_fire_b"
		},
		{
        "predicate": { "damage": 0.0260 },
        "model":"item/wynn/archer/bow_fire_c"
		},
		{
        "predicate": { "damage": 0.0286 },
        "model":"item/wynn/archer/bow_air_a"
		},
		{
        "predicate": { "damage": 0.0312 },
        "model":"item/wynn/archer/bow_air_b"
		},
		{
        "predicate": { "damage": 0.0338 },
        "model":"item/wynn/archer/bow_air_c"
		},
		{
        "predicate": { "damage": 0.0364 },
        "model":"item/wynn/archer/bow_water_a"
		},
		{
        "predicate": { "damage": 0.0390 },
        "model":"item/wynn/archer/bow_water_b"
		},
		{
        "predicate": { "damage": 0.0416 },
        "model":"item/wynn/archer/bow_water_c"
		},
		{
        "predicate": { "damage": 0.0442 },
        "model":"item/wynn/archer/bow_multi_a"
		},
		{
        "predicate": { "damage": 0.0468 },
        "model":"item/wynn/archer/bow_multi_b"
		},
		{
        "predicate": { "damage": 0.0494 },
        "model":"item/wynn/archer/bow_multi_c"
		},
		{
        "predicate": { "damage": 0.0520 },
        "model":"item/wynn/archer/bow_basic_wood"
		},
		{
        "predicate": { "damaged": 1 },
        "model":"item/barrier"
		}
	]
}
