{
"parent": "builtin/generated",
"display": {
    "thirdperson_righthand": {
        "rotation": [ -44, -43, -112 ],
        "translation": [ -1.7, 0.76, -0.57 ],
        "scale": [ 0.4, 0.4, 0.4 ]
    },
    "thirdperson_lefthand": {
        "rotation": [ -44, -43, -112 ],
        "translation": [ -1.7, 0.76, -0.57 ],
        "scale": [ 0.4, 0.4, 0.4 ]
    },
    "firstperson_righthand": {
        "rotation": [ -95, -52, -68 ],
        "translation": [ 0, 1.25, 0 ],
        "scale": [ 0.3, 0.3, 0.3 ]
    },
    "firstperson_lefthand": {
        "rotation": [ -95, -52, -68 ],
        "translation": [ 0, 1.25, 0 ],
        "scale": [ 0.3, 0.3, 0.3 ]
    },
    "ground": {
        "rotation": [ 45, 45, 0 ],
        "translation": [ 0, 5, 0 ],
        "scale": [ 0.25, 0.25, 0.25 ]
    }
}
}