{
	"credit": "Made by zeldahuman with Blockbench - https://blockbench.net",
	"textures": {
		"0": "wynn/shaman_totem_0",
		"1": "wynn/shaman_totem_1",
		"2": "wynn/shaman_totem_2",
		"3": "wynn/shaman_totem_3",
		"particle": "wynn/shaman_totem_0"
	},
	"elements": [
		{
			"name": "grass",
			"from": [4.5, 10, 4.5],
			"to": [4.6, 15, 11.5],
			"rotation": {"angle": -22.5, "axis": "y", "origin": [8, 7, 8]},
			"faces": {
				"east": {"uv": [7, 11, 0, 16], "texture": "#1"},
				"west": {"uv": [0, 11, 7, 16], "texture": "#1"}
			}
		},
		{
			"name": "grass",
			"from": [12.4, 9, 4.5],
			"to": [12.5, 14, 9.5],
			"rotation": {"angle": 22.5, "axis": "y", "origin": [8, 7, 8]},
			"faces": {
				"east": {"uv": [13, 11, 8, 16], "texture": "#1"},
				"west": {"uv": [8, 11, 13, 16], "texture": "#1"}
			}
		},
		{
			"name": "grass",
			"from": [3.5, 20, 5],
			"to": [3.6, 25, 11],
			"rotation": {"angle": 22.5, "axis": "y", "origin": [8, 7, 8]},
			"faces": {
				"east": {"uv": [7, 11, 1, 16], "texture": "#1"},
				"west": {"uv": [1, 11, 7, 16], "texture": "#1"}
			}
		},
		{
			"name": "grass",
			"from": [3.5, 21, 11.9],
			"to": [9.5, 26, 12],
			"rotation": {"angle": -22.5, "axis": "y", "origin": [8, 7, 8]},
			"faces": {
				"north": {"uv": [8, 11, 14, 16], "texture": "#1"},
				"south": {"uv": [14, 11, 8, 16], "texture": "#1"}
			}
		},
		{
			"name": "grass",
			"from": [11.4, 19.5, 4.5],
			"to": [11.5, 24.5, 11.5],
			"rotation": {"angle": -22.5, "axis": "z", "origin": [11, 20.5, 8]},
			"faces": {
				"east": {"uv": [0, 11, 7, 16], "texture": "#1"},
				"west": {"uv": [7, 11, 0, 16], "texture": "#1"}
			}
		},
		{
			"name": "moss",
			"from": [3.75, 0, 3.75],
			"to": [12.25, 5, 12.25],
			"rotation": {"angle": 0, "axis": "y", "origin": [8, 7, 8]},
			"faces": {
				"north": {"uv": [0, 0, 8, 5], "texture": "#1"},
				"east": {"uv": [8, 5, 16, 10], "texture": "#1"},
				"south": {"uv": [8, 0, 16, 5], "texture": "#1"},
				"west": {"uv": [0, 5, 8, 10], "texture": "#1"}
			}
		},
		{
			"name": "plank",
			"from": [-2, -1, 2],
			"to": [-1, 13, 7],
			"rotation": {"angle": 0, "axis": "y", "origin": [6, 7, 8]},
			"faces": {
				"north": {"uv": [5, 0, 6, 14], "texture": "#3"},
				"east": {"uv": [0, 0, 5, 14], "texture": "#3"},
				"south": {"uv": [11, 0, 12, 14], "texture": "#3"},
				"west": {"uv": [0, 0, 5, 14], "texture": "#3"},
				"up": {"uv": [0, 0, 5, 1], "rotation": 270, "texture": "#3"},
				"down": {"uv": [0, 15, 5, 16], "rotation": 90, "texture": "#3"}
			}
		},
		{
			"name": "plank",
			"from": [2, -1, 17],
			"to": [7, 10, 18],
			"rotation": {"angle": 0, "axis": "y", "origin": [8, 7, 10]},
			"faces": {
				"north": {"uv": [6, 0, 11, 11], "texture": "#3"},
				"east": {"uv": [11, 0, 12, 11], "texture": "#3"},
				"south": {"uv": [6, 0, 11, 11], "texture": "#3"},
				"west": {"uv": [5, 0, 6, 11], "texture": "#3"},
				"up": {"uv": [0, 0, 5, 1], "rotation": 180, "texture": "#3"},
				"down": {"uv": [0, 15, 5, 16], "rotation": 180, "texture": "#3"}
			}
		},
		{
			"name": "plank",
			"from": [17, -1, 9],
			"to": [18, 12, 14],
			"rotation": {"angle": 0, "axis": "y", "origin": [10, 7, 8]},
			"faces": {
				"north": {"uv": [0, 0, 1, 13], "texture": "#3"},
				"east": {"uv": [6, 0, 11, 13], "texture": "#3"},
				"south": {"uv": [0, 0, 1, 13], "texture": "#3"},
				"west": {"uv": [6, 0, 11, 13], "texture": "#3"},
				"up": {"uv": [0, 0, 5, 1], "rotation": 90, "texture": "#3"},
				"down": {"uv": [0, 0, 5, 1], "rotation": 270, "texture": "#3"}
			}
		},
		{
			"name": "plank",
			"from": [-2, -1, 9],
			"to": [-1, 11, 14],
			"rotation": {"angle": 0, "axis": "y", "origin": [6, 7, 8]},
			"faces": {
				"north": {"uv": [5, 0, 6, 12], "texture": "#3"},
				"east": {"uv": [6, 0, 11, 12], "texture": "#3"},
				"south": {"uv": [11, 0, 12, 12], "texture": "#3"},
				"west": {"uv": [6, 0, 11, 12], "texture": "#3"},
				"up": {"uv": [0, 0, 5, 1], "rotation": 270, "texture": "#3"},
				"down": {"uv": [0, 15, 5, 16], "rotation": 90, "texture": "#3"}
			}
		},
		{
			"name": "plank",
			"from": [9, -1, 17],
			"to": [14, 14, 18],
			"rotation": {"angle": 0, "axis": "y", "origin": [8, 7, 10]},
			"faces": {
				"north": {"uv": [0, 0, 5, 15], "texture": "#3"},
				"east": {"uv": [11, 0, 12, 15], "texture": "#3"},
				"south": {"uv": [0, 0, 5, 15], "texture": "#3"},
				"west": {"uv": [5, 0, 6, 15], "texture": "#3"},
				"up": {"uv": [0, 0, 5, 1], "rotation": 180, "texture": "#3"},
				"down": {"uv": [0, 15, 5, 16], "rotation": 180, "texture": "#3"}
			}
		},
		{
			"name": "plank",
			"from": [17, -1, 2],
			"to": [18, 10, 7],
			"rotation": {"angle": 0, "axis": "y", "origin": [10, 7, 8]},
			"faces": {
				"north": {"uv": [0, 0, 1, 16], "texture": "#3"},
				"east": {"uv": [6, 0, 11, 11], "texture": "#3"},
				"south": {"uv": [0, 0, 1, 16], "texture": "#3"},
				"west": {"uv": [6, 0, 11, 11], "texture": "#3"},
				"up": {"uv": [0, 0, 5, 1], "rotation": 90, "texture": "#3"},
				"down": {"uv": [0, 0, 5, 1], "rotation": 270, "texture": "#3"}
			}
		},
		{
			"name": "segment-3",
			"from": [4, 22, 4],
			"to": [12, 32, 12],
			"faces": {
				"north": {"uv": [7, 9, 11, 14], "texture": "#0"},
				"east": {"uv": [11, 9, 15, 14], "texture": "#0"},
				"south": {"uv": [11, 9, 15, 14], "texture": "#0"},
				"west": {"uv": [11, 9, 15, 14], "texture": "#0"},
				"up": {"uv": [1.5, 1.5, 5.5, 5.5], "texture": "#0"},
				"down": {"uv": [1.5, 1.5, 5.5, 5.5], "texture": "#0"}
			}
		},
		{
			"name": "segment-2",
			"from": [4, 12, 4],
			"to": [12, 21, 12],
			"rotation": {"angle": 0, "axis": "y", "origin": [8, 7, 8]},
			"faces": {
				"north": {"uv": [7, 4.5, 11, 9], "texture": "#0"},
				"east": {"uv": [11, 4.5, 15, 9], "texture": "#0"},
				"south": {"uv": [11, 4.5, 15, 9], "texture": "#0"},
				"west": {"uv": [11, 4.5, 15, 9], "texture": "#0"},
				"up": {"uv": [1.5, 1.5, 5.5, 5.5], "texture": "#0"},
				"down": {"uv": [1.5, 1.5, 5.5, 5.5], "texture": "#0"}
			}
		},
		{
			"name": "center",
			"from": [5, 10, 5],
			"to": [11, 23, 11],
			"rotation": {"angle": 0, "axis": "y", "origin": [8, 7, 8]},
			"faces": {
				"north": {"uv": [0, 7, 3, 13.5], "texture": "#0"},
				"east": {"uv": [0, 7, 3, 13.5], "texture": "#0"},
				"south": {"uv": [0, 7, 3, 13.5], "texture": "#0"},
				"west": {"uv": [0, 7, 3, 13.5], "texture": "#0"}
			}
		},
		{
			"name": "segment-1",
			"from": [4, 1, 4],
			"to": [12, 10, 12],
			"rotation": {"angle": 0, "axis": "y", "origin": [8, 7, 8]},
			"faces": {
				"north": {"uv": [7, 0, 11, 4.5], "texture": "#0"},
				"east": {"uv": [11, 0, 15, 4.5], "texture": "#0"},
				"south": {"uv": [7, 0, 11, 4.5], "texture": "#0"},
				"west": {"uv": [11, 0, 15, 4.5], "texture": "#0"},
				"up": {"uv": [1.5, 1.5, 5.5, 5.5], "texture": "#0"}
			}
		},
		{
			"name": "base",
			"from": [1, -1, 1],
			"to": [15, 1, 15],
			"rotation": {"angle": 0, "axis": "y", "origin": [8, 7, 8]},
			"faces": {
				"north": {"uv": [0, 6, 7, 7], "texture": "#0"},
				"east": {"uv": [0, 6, 7, 7], "texture": "#0"},
				"south": {"uv": [0, 6, 7, 7], "texture": "#0"},
				"west": {"uv": [0, 6, 7, 7], "texture": "#0"},
				"up": {"uv": [0, 0, 7, 7], "texture": "#0"},
				"down": {"uv": [0, 0, 7, 7], "texture": "#0"}
			}
		},
		{
			"name": "floor",
			"from": [-4, -1, -4],
			"to": [20, -0.9, 20],
			"rotation": {"angle": 0, "axis": "y", "origin": [8, 7, 8]},
			"faces": {
				"up": {"uv": [0, 0, 16, 16], "texture": "#2"}
			}
		},
		{
			"name": "wing",
			"from": [-3, 16, 7],
			"to": [4, 21, 9],
			"rotation": {"angle": 0, "axis": "y", "origin": [4, 14, 8]},
			"faces": {
				"north": {"uv": [3, 7, 6.5, 9.5], "texture": "#0"},
				"south": {"uv": [6.5, 7, 3, 9.5], "texture": "#0"},
				"west": {"uv": [5.5, 7, 6.5, 9.5], "texture": "#0"},
				"up": {"uv": [3, 7, 6.5, 8], "texture": "#0"},
				"down": {"uv": [3, 8.5, 6.5, 9.5], "texture": "#0"}
			}
		},
		{
			"name": "wing",
			"from": [-1, 14, 7],
			"to": [4, 16, 9],
			"rotation": {"angle": 0, "axis": "y", "origin": [4, 14, 8]},
			"faces": {
				"north": {"uv": [3, 9.5, 5.5, 10.5], "texture": "#0"},
				"south": {"uv": [5.5, 9.5, 3, 10.5], "texture": "#0"},
				"west": {"uv": [4.5, 9.5, 5.5, 10.5], "texture": "#0"},
				"down": {"uv": [3, 9.5, 5.5, 10.5], "texture": "#0"}
			}
		},
		{
			"name": "wing",
			"from": [12, 16, 7],
			"to": [19, 21, 9],
			"faces": {
				"north": {"uv": [6.5, 7, 3, 9.5], "texture": "#0"},
				"east": {"uv": [5.5, 7, 6.5, 9.5], "texture": "#0"},
				"south": {"uv": [3, 7, 6.5, 9.5], "texture": "#0"},
				"up": {"uv": [3, 7, 6.5, 8], "rotation": 180, "texture": "#0"},
				"down": {"uv": [3, 8.5, 6.5, 9.5], "rotation": 180, "texture": "#0"}
			}
		},
		{
			"name": "wing",
			"from": [12, 14, 7],
			"to": [17, 16, 9],
			"faces": {
				"north": {"uv": [5.5, 9.5, 3, 10.5], "texture": "#0"},
				"east": {"uv": [4.5, 9.5, 5.5, 10.5], "texture": "#0"},
				"south": {"uv": [3, 9.5, 5.5, 10.5], "texture": "#0"},
				"down": {"uv": [3, 9.5, 5.5, 10.5], "rotation": 180, "texture": "#0"}
			}
		}
	],
	"display": {
		"thirdperson_righthand": {
			"rotation": [45, 45, 0],
			"translation": [0, 2.5, 0],
			"scale": [0.375, 0.375, 0.375]
		},
		"thirdperson_lefthand": {
			"rotation": [45, 45, 0],
			"translation": [0, 2.5, 0],
			"scale": [0.375, 0.375, 0.375]
		},
		"firstperson_righthand": {
			"rotation": [0, 120, 0],
			"translation": [0.5, 1.5, 0],
			"scale": [0.5, 0.5, 0.5]
		},
		"firstperson_lefthand": {
			"rotation": [0, 120, 0],
			"translation": [0.5, 1.5, 0],
			"scale": [0.4, 0.4, 0.4]
		},
		"ground": {
			"rotation": [30, 30, 0],
			"translation": [0, 3, 0],
			"scale": [0.35, 0.35, 0.35]
		},
		"gui": {
			"rotation": [30, 135, 0],
			"translation": [0.5, 0.5, 0],
			"scale": [0.6, 0.6, 0.6]
		},
		"head": {
			"translation": [0, -25, 0],
			"scale": [2, 2, 2]
		},
		"fixed": {
			"scale": [0.62, 0.62, 0.62]
		}
	},
	"groups": [
		{
			"name": "flora",
			"origin": [8, 8, 8],
			"children": [0, 1, 2, 3, 4, 5]
		},
		{
			"name": "outside",
			"origin": [10, 8, 8],
			"children": [6, 7, 8, 9, 10, 11]
		}, 12, 13, 14, 15, 16, 17,
		{
			"name": "wing",
			"origin": [8, 7, 8],
			"children": [18, 19]
		},
		{
			"name": "wing",
			"origin": [8, 7, 8],
			"children": [20, 21]
		}
	]
}