{
	"credit": "Made by zeldahuman with Blockbench - https://blockbench.net",
	"textures": {
		"2": "wynn/shaman_totem_2",
		"3": "wynn/skyseer_totem_1",
		"4": "wynn/skyseer_totem_0",
		"5": "wynn/shaman_totem_1",
		"particle": "wynn/skyseer_totem_0"
	},
	"elements": [
		{
			"name": "plank",
			"from": [-2, -1, 2],
			"to": [-1, 13, 7],
			"rotation": {"angle": 0, "axis": "y", "origin": [6, 7, 8]},
			"faces": {
				"north": {"uv": [5, 0, 6, 14], "texture": "#3"},
				"east": {"uv": [0, 0, 5, 14], "texture": "#3"},
				"south": {"uv": [11, 0, 12, 14], "texture": "#3"},
				"west": {"uv": [0, 0, 5, 14], "texture": "#3"},
				"up": {"uv": [0, 0, 5, 1], "rotation": 270, "texture": "#3"},
				"down": {"uv": [0, 15, 5, 16], "rotation": 90, "texture": "#3"}
			}
		},
		{
			"name": "plank",
			"from": [2, -1, 17],
			"to": [7, 10, 18],
			"rotation": {"angle": 0, "axis": "y", "origin": [8, 7, 10]},
			"faces": {
				"north": {"uv": [6, 0, 11, 11], "texture": "#3"},
				"east": {"uv": [11, 0, 12, 11], "texture": "#3"},
				"south": {"uv": [6, 0, 11, 11], "texture": "#3"},
				"west": {"uv": [5, 0, 6, 11], "texture": "#3"},
				"up": {"uv": [0, 0, 5, 1], "rotation": 180, "texture": "#3"},
				"down": {"uv": [0, 15, 5, 16], "rotation": 180, "texture": "#3"}
			}
		},
		{
			"name": "plank",
			"from": [17, -1, 9],
			"to": [18, 12, 14],
			"rotation": {"angle": 0, "axis": "y", "origin": [10, 7, 8]},
			"faces": {
				"north": {"uv": [0, 0, 1, 13], "texture": "#3"},
				"east": {"uv": [0, 0, 5, 13], "texture": "#3"},
				"south": {"uv": [0, 0, 1, 13], "texture": "#3"},
				"west": {"uv": [0, 0, 5, 13], "texture": "#3"},
				"up": {"uv": [0, 0, 5, 1], "rotation": 90, "texture": "#3"},
				"down": {"uv": [0, 0, 5, 1], "rotation": 270, "texture": "#3"}
			}
		},
		{
			"name": "plank",
			"from": [-2, -1, 9],
			"to": [-1, 11, 14],
			"rotation": {"angle": 0, "axis": "y", "origin": [6, 7, 8]},
			"faces": {
				"north": {"uv": [5, 0, 6, 12], "texture": "#3"},
				"east": {"uv": [6, 0, 11, 12], "texture": "#3"},
				"south": {"uv": [11, 0, 12, 12], "texture": "#3"},
				"west": {"uv": [6, 0, 11, 12], "texture": "#3"},
				"up": {"uv": [0, 0, 5, 1], "rotation": 270, "texture": "#3"},
				"down": {"uv": [0, 15, 5, 16], "rotation": 90, "texture": "#3"}
			}
		},
		{
			"name": "plank",
			"from": [9, -1, 17],
			"to": [14, 14, 18],
			"rotation": {"angle": 0, "axis": "y", "origin": [8, 7, 10]},
			"faces": {
				"north": {"uv": [0, 0, 5, 15], "texture": "#3"},
				"east": {"uv": [11, 0, 12, 15], "texture": "#3"},
				"south": {"uv": [0, 0, 5, 15], "texture": "#3"},
				"west": {"uv": [5, 0, 6, 15], "texture": "#3"},
				"up": {"uv": [0, 0, 5, 1], "rotation": 180, "texture": "#3"},
				"down": {"uv": [0, 15, 5, 16], "rotation": 180, "texture": "#3"}
			}
		},
		{
			"name": "plank",
			"from": [17, -1, 2],
			"to": [18, 10, 7],
			"rotation": {"angle": 0, "axis": "y", "origin": [10, 7, 8]},
			"faces": {
				"north": {"uv": [0, 0, 1, 16], "texture": "#3"},
				"east": {"uv": [6, 0, 11, 11], "texture": "#3"},
				"south": {"uv": [0, 0, 1, 16], "texture": "#3"},
				"west": {"uv": [6, 0, 11, 11], "texture": "#3"},
				"up": {"uv": [0, 0, 5, 1], "rotation": 90, "texture": "#3"},
				"down": {"uv": [0, 0, 5, 1], "rotation": 270, "texture": "#3"}
			}
		},
		{
			"name": "beak",
			"from": [6, 23, -2],
			"to": [10, 27, 4],
			"rotation": {"angle": 0, "axis": "y", "origin": [9.5, 26, 1.5]},
			"faces": {
				"north": {"uv": [5, 13.5, 3, 15], "texture": "#4"},
				"east": {"uv": [0, 12.5, 3, 14.5], "texture": "#4"},
				"west": {"uv": [3, 12.5, 0, 14.5], "texture": "#4"},
				"up": {"uv": [3, 12.5, 5, 15.5], "rotation": 180, "texture": "#4"},
				"down": {"uv": [5, 12.5, 7, 15.5], "texture": "#4"}
			}
		},
		{
			"name": "beak",
			"from": [6, 22, -2],
			"to": [10, 23, 0],
			"rotation": {"angle": 0, "axis": "y", "origin": [9.5, 25, 1.5]},
			"faces": {
				"north": {"uv": [5, 15, 3, 15.5], "texture": "#4"},
				"east": {"uv": [2, 14.5, 3, 15], "texture": "#4"},
				"south": {"uv": [0, 13.5, 2, 14], "texture": "#4"},
				"west": {"uv": [3, 14.5, 2, 15], "texture": "#4"},
				"down": {"uv": [5, 14.5, 7, 15.5], "texture": "#4"}
			}
		},
		{
			"from": [14, 23, 7],
			"to": [23, 26, 9],
			"rotation": {"angle": 0, "axis": "y", "origin": [9, 9, 8.5]},
			"faces": {
				"north": {"uv": [8, 7, 3.5, 8.5], "texture": "#4"},
				"east": {"uv": [7, 7, 8, 8.5], "texture": "#4"},
				"south": {"uv": [3.5, 7, 8, 8.5], "texture": "#4"},
				"west": {"uv": [2.5, 10, 3.5, 11.5], "texture": "#4"},
				"up": {"uv": [3.5, 11.5, 8, 12.5], "texture": "#4"},
				"down": {"uv": [3.5, 7.5, 8, 8.5], "texture": "#4"}
			}
		},
		{
			"from": [14, 20, 7],
			"to": [21, 23, 9],
			"rotation": {"angle": 0, "axis": "y", "origin": [9, 9, 8.5]},
			"faces": {
				"north": {"uv": [7, 8.5, 3.5, 10], "texture": "#4"},
				"east": {"uv": [6, 8.5, 7, 10], "texture": "#4"},
				"south": {"uv": [3.5, 8.5, 7, 10], "texture": "#4"},
				"west": {"uv": [2.5, 10, 3.5, 11.5], "texture": "#4"},
				"down": {"uv": [3.5, 9, 7, 10], "texture": "#4"}
			}
		},
		{
			"from": [12, 17, 7],
			"to": [19, 20, 9],
			"rotation": {"angle": 0, "axis": "y", "origin": [9, 9, 8.5]},
			"faces": {
				"north": {"uv": [6, 10, 2.5, 11.5], "texture": "#4"},
				"east": {"uv": [5, 10, 6, 11.5], "texture": "#4"},
				"south": {"uv": [2.5, 10, 6, 11.5], "texture": "#4"},
				"up": {"uv": [2.5, 10, 6, 11], "texture": "#4"},
				"down": {"uv": [2.5, 10.5, 6, 11.5], "texture": "#4"}
			}
		},
		{
			"from": [-7, 23, 7],
			"to": [2, 26, 9],
			"rotation": {"angle": 0, "axis": "y", "origin": [7, 9, 7.5]},
			"faces": {
				"north": {"uv": [3.5, 7, 8, 8.5], "texture": "#4"},
				"east": {"uv": [2.5, 10, 3.5, 11.5], "texture": "#4"},
				"south": {"uv": [8, 7, 3.5, 8.5], "texture": "#4"},
				"west": {"uv": [7, 7, 8, 8.5], "texture": "#4"},
				"up": {"uv": [3.5, 11.5, 8, 12.5], "rotation": 180, "texture": "#4"},
				"down": {"uv": [3.5, 7.5, 8, 8.5], "rotation": 180, "texture": "#4"}
			}
		},
		{
			"from": [-5, 20, 7],
			"to": [2, 23, 9],
			"rotation": {"angle": 0, "axis": "y", "origin": [7, 9, 7.5]},
			"faces": {
				"north": {"uv": [3.5, 8.5, 7, 10], "texture": "#4"},
				"east": {"uv": [2.5, 10, 3.5, 11.5], "texture": "#4"},
				"south": {"uv": [7, 8.5, 3.5, 10], "texture": "#4"},
				"west": {"uv": [6, 8.5, 7, 10], "texture": "#4"},
				"down": {"uv": [3.5, 9, 7, 10], "rotation": 180, "texture": "#4"}
			}
		},
		{
			"from": [-3, 17, 7],
			"to": [4, 20, 9],
			"rotation": {"angle": 0, "axis": "y", "origin": [6, 9, 7.5]},
			"faces": {
				"north": {"uv": [2.5, 10, 6, 11.5], "texture": "#4"},
				"south": {"uv": [6, 10, 2.5, 11.5], "texture": "#4"},
				"west": {"uv": [5, 10, 6, 11.5], "texture": "#4"},
				"up": {"uv": [2.5, 10, 6, 11], "rotation": 180, "texture": "#4"},
				"down": {"uv": [2.5, 10.5, 6, 11.5], "rotation": 180, "texture": "#4"}
			}
		},
		{
			"name": "middle",
			"from": [5, 10, 5],
			"to": [11, 21, 11],
			"faces": {
				"north": {"uv": [0, 7, 3, 12.5], "texture": "#4"},
				"east": {"uv": [0, 7, 3, 12.5], "texture": "#4"},
				"south": {"uv": [0, 7, 3, 12.5], "texture": "#4"},
				"west": {"uv": [0, 7, 3, 12.5], "texture": "#4"}
			}
		},
		{
			"name": "segment-1",
			"from": [4, 1, 4],
			"to": [12, 10, 12],
			"faces": {
				"north": {"uv": [8, 0, 12, 4.5], "texture": "#4"},
				"east": {"uv": [12, 0, 16, 4.5], "texture": "#4"},
				"south": {"uv": [8, 0, 12, 4.5], "texture": "#4"},
				"west": {"uv": [12, 0, 16, 4.5], "texture": "#4"},
				"up": {"uv": [12, 0, 16, 4], "texture": "#4"}
			}
		},
		{
			"name": "segment-2",
			"from": [4, 11, 4],
			"to": [12, 20, 12],
			"faces": {
				"north": {"uv": [8, 4.5, 12, 9], "texture": "#4"},
				"east": {"uv": [12, 4.5, 16, 9], "texture": "#4"},
				"south": {"uv": [12, 4.5, 16, 9], "texture": "#4"},
				"west": {"uv": [12, 4.5, 16, 9], "texture": "#4"},
				"up": {"uv": [1.5, 1.5, 5.5, 5.5], "texture": "#4"},
				"down": {"uv": [1.5, 1.5, 5.5, 5.5], "texture": "#4"}
			}
		},
		{
			"name": "segment-3",
			"from": [4, 21, 4],
			"to": [12, 27, 12],
			"faces": {
				"north": {"uv": [8, 9, 12, 12], "texture": "#4"},
				"east": {"uv": [16, 9, 12, 12], "texture": "#4"},
				"south": {"uv": [12, 0, 16, 3], "texture": "#4"},
				"west": {"uv": [12, 9, 16, 12], "texture": "#4"},
				"up": {"uv": [1.5, 1.5, 5.5, 5.5], "texture": "#4"},
				"down": {"uv": [12, 0.5, 16, 4.5], "texture": "#4"}
			}
		},
		{
			"name": "moss",
			"from": [3.75, 0, 3.75],
			"to": [12.25, 5, 12.25],
			"rotation": {"angle": 0, "axis": "y", "origin": [8, 7, 8]},
			"faces": {
				"north": {"uv": [0, 0, 8, 5], "texture": "#5"},
				"east": {"uv": [8, 5, 16, 10], "texture": "#5"},
				"south": {"uv": [8, 0, 16, 5], "texture": "#5"},
				"west": {"uv": [0, 5, 8, 10], "texture": "#5"},
				"up": {"uv": [0, 0, 0, 0], "texture": "#5"},
				"down": {"uv": [0, 0, 0, 0], "texture": "#5"}
			}
		},
		{
			"name": "base",
			"from": [1, -1, 1],
			"to": [15, 1, 15],
			"rotation": {"angle": 0, "axis": "y", "origin": [8, 7, 8]},
			"faces": {
				"north": {"uv": [0, 6, 7, 7], "texture": "#4"},
				"east": {"uv": [0, 6, 7, 7], "texture": "#4"},
				"south": {"uv": [0, 6, 7, 7], "texture": "#4"},
				"west": {"uv": [0, 6, 7, 7], "texture": "#4"},
				"up": {"uv": [0, 0, 7, 7], "texture": "#4"},
				"down": {"uv": [0, 0, 7, 7], "texture": "#4"}
			}
		},
		{
			"name": "floor",
			"from": [-4, -1, -4],
			"to": [20, -0.9, 20],
			"rotation": {"angle": 0, "axis": "y", "origin": [8, 7, 8]},
			"faces": {
				"up": {"uv": [0, 0, 16, 16], "texture": "#2"}
			}
		}
	],
	"display": {
		"thirdperson_righthand": {
			"rotation": [45, 45, 0],
			"translation": [0, 2.5, 0],
			"scale": [0.375, 0.375, 0.375]
		},
		"thirdperson_lefthand": {
			"rotation": [45, 45, 0],
			"translation": [0, 2.5, 0],
			"scale": [0.375, 0.375, 0.375]
		},
		"firstperson_righthand": {
			"rotation": [0, 120, 0],
			"translation": [0.5, 1.5, 0],
			"scale": [0.5, 0.5, 0.5]
		},
		"firstperson_lefthand": {
			"rotation": [0, 120, 0],
			"translation": [0.5, 1.5, 0],
			"scale": [0.5, 0.5, 0.5]
		},
		"ground": {
			"rotation": [30, 30, 0],
			"translation": [0, 3, 0],
			"scale": [0.35, 0.35, 0.35]
		},
		"gui": {
			"rotation": [30, 135, 0],
			"translation": [0.5, 0.5, 0],
			"scale": [0.6, 0.6, 0.6]
		},
		"head": {
			"translation": [0, -25, 0],
			"scale": [2, 2, 2]
		},
		"fixed": {
			"scale": [0.62, 0.62, 0.62]
		}
	},
	"groups": [
		{
			"name": "outside",
			"origin": [10, 7, 8],
			"children": [0, 1, 2, 3, 4, 5]
		}, 6, 7,
		{
			"name": "wing",
			"origin": [8, 8, 8],
			"children": [8, 9, 10]
		},
		{
			"name": "wing",
			"origin": [8, 8, 8],
			"children": [11, 12, 13]
		}, 14, 15, 16, 17, 18, 19, 20]
}