{
	"credit": "Made by zeldahuman with Blockbench - https://blockbench.net",
	"textures": {
		"2": "wynn/weapons/anim/flame_medium",
		"particle": "wynn/weapons/anim/flame_medium",
		"texture": "wynn/weapons/assassin/fire_tier_b_c",
		"fire_dagger_t1": "wynn/weapons/assassin/fire_tier_a"
	},
	"elements": [
		{
			"from": [14.5, 7, 8.25],
			"to": [15.25, 8, 9.25],
			"faces": {
				"north": {"uv": [4.75, 13.75, 8.5, 15.5], "texture": "#texture"},
				"east": {"uv": [4, 13.75, 5.75, 15.25], "texture": "#texture"},
				"south": {"uv": [4.75, 13.75, 8.5, 15.5], "texture": "#texture"},
				"west": {"uv": [4, 13.75, 5.75, 15.25], "texture": "#texture"},
				"up": {"uv": [2, 13.5, 5.25, 15], "texture": "#texture"},
				"down": {"uv": [2, 13.5, 5.25, 15], "texture": "#texture"}
			}
		},
		{
			"from": [14, 6.75, 8],
			"to": [14.5, 8.25, 9.5],
			"faces": {
				"north": {"uv": [5, 9.75, 7, 11.75], "texture": "#texture"},
				"east": {"uv": [7, 9.75, 8.75, 11.75], "texture": "#texture"},
				"south": {"uv": [5, 9.75, 7, 11.75], "texture": "#texture"},
				"west": {"uv": [7, 9.75, 8.75, 11.75], "texture": "#texture"},
				"up": {"uv": [2.75, 9.5, 5.25, 12], "texture": "#texture"},
				"down": {"uv": [2.75, 9.5, 5.25, 12], "texture": "#texture"}
			}
		},
		{
			"from": [13.5, 6.5, 7.75],
			"to": [14, 8.5, 8],
			"faces": {
				"north": {"uv": [5, 9.75, 7, 11.75], "texture": "#texture"},
				"east": {"uv": [7, 9.75, 8.75, 11.75], "texture": "#texture"},
				"south": {"uv": [5, 9.75, 7, 11.75], "texture": "#texture"},
				"west": {"uv": [7, 9.75, 8.75, 11.75], "texture": "#texture"},
				"up": {"uv": [2.75, 9.5, 5.25, 12], "texture": "#texture"},
				"down": {"uv": [2.75, 9.5, 5.25, 12], "texture": "#texture"}
			}
		},
		{
			"from": [13.5, 6.5, 9.5],
			"to": [14, 8.5, 9.75],
			"faces": {
				"north": {"uv": [5, 9.75, 7, 11.75], "texture": "#texture"},
				"east": {"uv": [7, 9.75, 8.75, 11.75], "texture": "#texture"},
				"south": {"uv": [5, 9.75, 7, 11.75], "texture": "#texture"},
				"west": {"uv": [7, 9.75, 8.75, 11.75], "texture": "#texture"},
				"up": {"uv": [2.75, 9.5, 5.25, 12], "texture": "#texture"},
				"down": {"uv": [2.75, 9.5, 5.25, 12], "texture": "#texture"}
			}
		},
		{
			"from": [13.5, 8.25, 8],
			"to": [14, 8.5, 9.5],
			"faces": {
				"north": {"uv": [5, 9.75, 7, 11.75], "texture": "#texture"},
				"east": {"uv": [7, 9.75, 8.75, 11.75], "texture": "#texture"},
				"south": {"uv": [5, 9.75, 7, 11.75], "texture": "#texture"},
				"west": {"uv": [7, 9.75, 8.75, 11.75], "texture": "#texture"},
				"up": {"uv": [2.75, 9.5, 5.25, 12], "texture": "#texture"},
				"down": {"uv": [2.75, 9.5, 5.25, 12], "texture": "#texture"}
			}
		},
		{
			"from": [13.5, 6.5, 8],
			"to": [14, 6.75, 9.5],
			"faces": {
				"north": {"uv": [5, 9.75, 7, 11.75], "texture": "#texture"},
				"east": {"uv": [7, 9.75, 8.75, 11.75], "texture": "#texture"},
				"south": {"uv": [5, 9.75, 7, 11.75], "texture": "#texture"},
				"west": {"uv": [7, 9.75, 8.75, 11.75], "texture": "#texture"},
				"up": {"uv": [2.75, 9.5, 5.25, 12], "texture": "#texture"},
				"down": {"uv": [2.75, 9.5, 5.25, 12], "texture": "#texture"}
			}
		},
		{
			"from": [17.75, 7, 8.25],
			"to": [18.5, 8, 9.25],
			"faces": {
				"north": {"uv": [4.75, 13.75, 8.5, 15.5], "texture": "#texture"},
				"east": {"uv": [4, 13.75, 5.75, 15.25], "texture": "#texture"},
				"south": {"uv": [4.75, 13.75, 8.5, 15.5], "texture": "#texture"},
				"west": {"uv": [4, 13.75, 5.75, 15.25], "texture": "#texture"},
				"up": {"uv": [2, 13.5, 5.25, 15], "texture": "#texture"},
				"down": {"uv": [2, 13.5, 5.25, 15], "texture": "#texture"}
			}
		},
		{
			"from": [15.25, 7.125, 8.375],
			"to": [17.75, 7.875, 9.125],
			"faces": {
				"north": {"uv": [4.75, 13.75, 8.5, 15.5], "texture": "#texture"},
				"east": {"uv": [4, 13.75, 5.75, 15.25], "texture": "#texture"},
				"south": {"uv": [4.75, 13.75, 8.5, 15.5], "texture": "#texture"},
				"west": {"uv": [4, 13.75, 5.75, 15.25], "texture": "#texture"},
				"up": {"uv": [2, 13.5, 5.25, 15], "texture": "#texture"},
				"down": {"uv": [2, 13.5, 5.25, 15], "texture": "#texture"}
			}
		},
		{
			"from": [18.5, 6.875, 8.125],
			"to": [19.75, 8.125, 9.375],
			"faces": {
				"north": {"uv": [5, 9.75, 7, 11.75], "texture": "#texture"},
				"east": {"uv": [7, 9.75, 8.75, 11.75], "texture": "#texture"},
				"south": {"uv": [5, 9.75, 7, 11.75], "texture": "#texture"},
				"west": {"uv": [7, 9.75, 8.75, 11.75], "texture": "#texture"},
				"up": {"uv": [2.75, 9.5, 5.25, 12], "texture": "#texture"},
				"down": {"uv": [2.75, 9.5, 5.25, 12], "texture": "#texture"}
			}
		},
		{
			"from": [18.75, 6.6875, 8.375],
			"to": [19.5625, 8.25, 9.125],
			"faces": {
				"north": {"uv": [5, 9.75, 7, 11.75], "texture": "#texture"},
				"east": {"uv": [7, 9.75, 8.75, 11.75], "texture": "#texture"},
				"south": {"uv": [5, 9.75, 7, 11.75], "texture": "#texture"},
				"west": {"uv": [7, 9.75, 8.75, 11.75], "texture": "#texture"},
				"up": {"uv": [2.75, 9.5, 5.25, 12], "texture": "#texture"},
				"down": {"uv": [2.75, 9.5, 5.25, 12], "texture": "#texture"}
			}
		},
		{
			"from": [18.5, 7.0625, 8.375],
			"to": [19.9375, 7.9375, 9.125],
			"faces": {
				"north": {"uv": [5, 9.75, 7, 11.75], "texture": "#texture"},
				"east": {"uv": [7, 9.75, 8.75, 11.75], "texture": "#texture"},
				"south": {"uv": [5, 9.75, 7, 11.75], "texture": "#texture"},
				"west": {"uv": [7, 9.75, 8.75, 11.75], "texture": "#texture"},
				"up": {"uv": [2.75, 9.5, 5.25, 12], "texture": "#texture"},
				"down": {"uv": [2.75, 9.5, 5.25, 12], "texture": "#texture"}
			}
		},
		{
			"from": [18.8125, 7.0625, 7.9375],
			"to": [19.5625, 8, 9.5],
			"faces": {
				"north": {"uv": [5, 9.75, 7, 11.75], "texture": "#texture"},
				"east": {"uv": [7, 9.75, 8.75, 11.75], "texture": "#texture"},
				"south": {"uv": [5, 9.75, 7, 11.75], "texture": "#texture"},
				"west": {"uv": [7, 9.75, 8.75, 11.75], "texture": "#texture"},
				"up": {"uv": [2.75, 9.5, 5.25, 12], "texture": "#texture"},
				"down": {"uv": [2.75, 9.5, 5.25, 12], "texture": "#texture"}
			}
		},
		{
			"from": [5.5, 6.25, 8.525],
			"to": [13.25, 8.75, 8.975],
			"faces": {
				"north": {"uv": [5.5, 2.25, 13.25, 4.75], "texture": "#fire_dagger_t1"},
				"east": {"uv": [8.5, 1.25, 8.75, 3.75], "texture": "#fire_dagger_t1"},
				"south": {"uv": [5.5, 2.25, 13.25, 4.75], "texture": "#fire_dagger_t1"},
				"west": {"uv": [0, 0, 0.45, 2.5], "texture": "#fire_dagger_t1"},
				"up": {"uv": [4.75, 2.25, 12.5, 2.5], "texture": "#fire_dagger_t1"},
				"down": {"uv": [4.75, 2.25, 12.5, 2.5], "texture": "#fire_dagger_t1"}
			}
		},
		{
			"from": [4.975, 7.2, 8.625],
			"to": [6.725, 8.95, 8.875],
			"rotation": {"angle": -45, "axis": "z", "origin": [4.975, 8.2, 8.625]},
			"faces": {
				"north": {"uv": [7, 1, 8.75, 2.75], "texture": "#fire_dagger_t1"},
				"east": {"uv": [8.5, 2.5, 8.75, 3.5], "texture": "#fire_dagger_t1"},
				"south": {"uv": [7, 1, 8.75, 2.75], "texture": "#fire_dagger_t1"},
				"west": {"uv": [8.5, 2.5, 8.75, 3.5], "texture": "#fire_dagger_t1"},
				"up": {"uv": [7.25, 2.25, 9.25, 2.5], "texture": "#fire_dagger_t1"},
				"down": {"uv": [7.25, 2.25, 9.25, 2.5], "texture": "#fire_dagger_t1"}
			}
		},
		{
			"from": [5.5, 6.75, 8.4],
			"to": [12.75, 8.25, 9.1],
			"faces": {
				"north": {"uv": [6, 7, 13.25, 9.5], "texture": "#fire_dagger_t1"},
				"east": {"uv": [8.5, 7.75, 9, 9.25], "texture": "#fire_dagger_t1"},
				"south": {"uv": [6, 7, 13.25, 9.5], "texture": "#fire_dagger_t1"},
				"west": {"uv": [0, 0, 0.7, 1.5], "texture": "#fire_dagger_t1"},
				"up": {"uv": [5.5, 8.5, 12.75, 9], "texture": "#fire_dagger_t1"},
				"down": {"uv": [5.5, 8.5, 12.75, 9], "texture": "#fire_dagger_t1"}
			}
		},
		{
			"from": [4.25, 4.25, 8.75],
			"to": [13.5, 10.75, 8.85],
			"rotation": {"angle": 0, "axis": "y", "origin": [21, 15.5, 16.5]},
			"faces": {
				"north": {"uv": [0, 0, 16, 16], "rotation": 90, "texture": "#2"},
				"south": {"uv": [0, 16, 16, 0], "rotation": 90, "texture": "#2"}
			}
		}
	],
	"display": {
		"thirdperson_righthand": {
			"rotation": [-90, 90, 0],
			"translation": [-1, 7, 1],
			"scale": [1.1, 1.1, 1.1]
		},
		"thirdperson_lefthand": {
			"rotation": [90, 90, 0],
			"translation": [-1, 7, 2],
			"scale": [1.1, 1.1, 1.1]
		},
		"firstperson_righthand": {
			"rotation": [0, -90, -45],
			"translation": [-0.5, 6.5, 0],
			"scale": [0.8, 0.8, 0.8]
		},
		"firstperson_lefthand": {
			"rotation": [0, 90, 45],
			"translation": [-1.5, 6.5, 0],
			"scale": [0.8, 0.8, 0.8]
		},
		"ground": {
			"rotation": [45, -45, 0],
			"translation": [0, 5, 0],
			"scale": [0.6, 0.6, 0.6]
		},
		"gui": {
			"rotation": [-20, -160, -60],
			"translation": [2, 4.5, 0],
			"scale": [1.2, 1.2, 1.2]
		},
		"fixed": {
			"rotation": [0, 0, -90],
			"translation": [0.5, 3, -2]
		}
	}
}