{
	"credit": "Made by zeldahuman with Blockbench - https://blockbench.net",
	"textures": {
		"1": "wynn/weapons/assassin/earth_tier_a",
		"2": "wynn/weapons/assassin/earth_tier_b"
	},
	"elements": [
		{
			"name": "knuckles",
			"from": [2, 6.5, 10.5],
			"to": [4, 10.5, 12.5],
			"rotation": {"angle": 0, "axis": "y", "origin": [11.5, 14.5, 19.5]},
			"faces": {
				"north": {"uv": [15, 2, 13, 6], "texture": "#1"},
				"east": {"uv": [14, 3, 16, 7], "texture": "#1"},
				"south": {"uv": [13, 2, 15, 6], "texture": "#1"},
				"west": {"uv": [15, 2, 13, 6], "texture": "#1"},
				"up": {"uv": [13, 0, 15, 2], "texture": "#1"},
				"down": {"uv": [14, 5, 16, 7], "texture": "#1"}
			}
		},
		{
			"name": "knuckles",
			"from": [1, 7.5, 8.5],
			"to": [3, 11.5, 10.5],
			"rotation": {"angle": 0, "axis": "y", "origin": [10.5, 15.5, 17.5]},
			"faces": {
				"north": {"uv": [16, 2, 14, 6], "texture": "#1"},
				"east": {"uv": [14, 3, 16, 7], "texture": "#1"},
				"south": {"uv": [14, 2, 16, 6], "texture": "#1"},
				"west": {"uv": [13, 1, 15, 5], "texture": "#1"},
				"up": {"uv": [14, 0, 16, 2], "texture": "#1"},
				"down": {"uv": [14, 5, 16, 7], "texture": "#1"}
			}
		},
		{
			"name": "knuckles",
			"from": [1, 7.5, 5.5],
			"to": [3, 11.5, 7.5],
			"rotation": {"angle": 0, "axis": "y", "origin": [10.5, 15.5, 14.5]},
			"faces": {
				"north": {"uv": [16, 2, 14, 6], "texture": "#1"},
				"east": {"uv": [14, 3, 16, 7], "texture": "#1"},
				"south": {"uv": [14, 2, 16, 6], "texture": "#1"},
				"west": {"uv": [15, 1, 13, 5], "texture": "#1"},
				"up": {"uv": [14, 0, 16, 2], "rotation": 90, "texture": "#1"},
				"down": {"uv": [14, 5, 16, 7], "texture": "#1"}
			}
		},
		{
			"name": "knuckles",
			"from": [2, 6.5, 3.5],
			"to": [4, 10.5, 5.5],
			"rotation": {"angle": 0, "axis": "y", "origin": [11.5, 14.5, 12.5]},
			"faces": {
				"north": {"uv": [15, 2, 13, 6], "texture": "#1"},
				"east": {"uv": [14, 3, 16, 7], "texture": "#1"},
				"south": {"uv": [13, 2, 15, 6], "texture": "#1"},
				"west": {"uv": [13, 2, 15, 6], "texture": "#1"},
				"up": {"uv": [13, 0, 15, 2], "rotation": 90, "texture": "#1"},
				"down": {"uv": [14, 5, 16, 7], "texture": "#1"}
			}
		},
		{
			"name": "gauntlet",
			"from": [3, 8.5, 5.5],
			"to": [4, 11.5, 10.5],
			"rotation": {"angle": 0, "axis": "y", "origin": [12.5, 16.5, 14.5]},
			"faces": {
				"north": {"uv": [0, 0, 1, 3], "texture": "#2"},
				"south": {"uv": [0, 0, 1, 3], "texture": "#2"},
				"west": {"uv": [0, 0, 5, 3], "texture": "#2"},
				"up": {"uv": [0, 0, 1, 5], "texture": "#2"},
				"down": {"uv": [0, 0, 1, 5], "texture": "#2"}
			}
		},
		{
			"name": "gauntlet",
			"from": [4, 7.5, 3.5],
			"to": [8, 11.5, 12.5],
			"rotation": {"angle": 0, "axis": "y", "origin": [13.5, 15.5, 12.5]},
			"faces": {
				"north": {"uv": [4, 7, 0, 11], "texture": "#2"},
				"east": {"uv": [4, 0, 8, 9], "rotation": 90, "texture": "#2"},
				"south": {"uv": [0, 3, 4, 7], "texture": "#2"},
				"west": {"uv": [0, 0, 4, 9], "rotation": 90, "texture": "#2"},
				"up": {"uv": [0, 0, 4, 9], "texture": "#2"},
				"down": {"uv": [0, 0, 4, 9], "texture": "#2"}
			}
		},
		{
			"name": "gauntlet",
			"from": [8, 10.5, 5],
			"to": [12, 11.5, 11],
			"rotation": {"angle": 0, "axis": "y", "origin": [17.5, 18.5, 14]},
			"faces": {
				"north": {"uv": [4, 7, 0, 8], "texture": "#2"},
				"east": {"uv": [4, 0, 5, 6], "rotation": 90, "texture": "#2"},
				"south": {"uv": [0, 3, 4, 4], "texture": "#2"},
				"west": {"uv": [0, 0, 1, 7], "rotation": 90, "texture": "#2"},
				"up": {"uv": [0, 0, 4, 6], "texture": "#2"}
			}
		},
		{
			"name": "gauntlet",
			"from": [8, 7.5, 4],
			"to": [16, 10.5, 12],
			"rotation": {"angle": 0, "axis": "y", "origin": [17.5, 15.5, 13]},
			"faces": {
				"north": {"uv": [12, 0, 4, 3], "texture": "#2"},
				"east": {"uv": [7, 2, 10, 10], "rotation": 90, "texture": "#2"},
				"south": {"uv": [5, 6, 13, 9], "texture": "#2"},
				"up": {"uv": [6, 0, 14, 8], "texture": "#2"},
				"down": {"uv": [6, 0, 14, 8], "texture": "#2"}
			}
		},
		{
			"name": "handle",
			"from": [5, 0.5, 4.5],
			"to": [7, 7.5, 11.5],
			"rotation": {"angle": 0, "axis": "y", "origin": [14.5, 8.5, 13.5]},
			"faces": {
				"north": {"uv": [7, 0, 9, 7], "texture": "#1"},
				"east": {"uv": [0, 0, 7, 7], "texture": "#1"},
				"south": {"uv": [7, 0, 9, 7], "texture": "#1"},
				"west": {"uv": [0, 0, 7, 7], "texture": "#1"},
				"down": {"uv": [9, 0, 11, 7], "texture": "#1"}
			}
		},
		{
			"name": "handle",
			"from": [10, 0.5, 4.5],
			"to": [12, 7.5, 11.5],
			"rotation": {"angle": 0, "axis": "y", "origin": [19.5, 8.5, 13.5]},
			"faces": {
				"north": {"uv": [9, 0, 7, 7], "texture": "#1"},
				"east": {"uv": [0, 0, 7, 7], "texture": "#1"},
				"south": {"uv": [9, 0, 7, 7], "texture": "#1"},
				"west": {"uv": [0, 0, 7, 7], "texture": "#1"},
				"down": {"uv": [9, 0, 11, 7], "texture": "#1"}
			}
		},
		{
			"name": "vines",
			"from": [4.5, -0.5, 9.5],
			"to": [7.5, 7.5, 12.5],
			"rotation": {"angle": 0, "axis": "y", "origin": [12.5, 7.5, 17.5]},
			"faces": {
				"north": {"uv": [3, 8, 6, 16], "texture": "#1"},
				"east": {"uv": [5, 8, 8, 16], "texture": "#1"},
				"south": {"uv": [1, 8, 4, 16], "texture": "#1"},
				"west": {"uv": [3, 8, 6, 16], "texture": "#1"}
			}
		},
		{
			"name": "vines",
			"from": [9.5, -0.5, 3.5],
			"to": [12.5, 7.5, 6.5],
			"rotation": {"angle": 0, "axis": "y", "origin": [17.5, 7.5, 11.5]},
			"faces": {
				"north": {"uv": [0, 8, 3, 16], "texture": "#1"},
				"east": {"uv": [1, 8, 4, 16], "texture": "#1"},
				"south": {"uv": [8, 8, 5, 16], "texture": "#1"},
				"west": {"uv": [4, 8, 7, 16], "texture": "#1"}
			}
		},
		{
			"name": "vines",
			"from": [12, -0.5, 4],
			"to": [16, 7.5, 12],
			"rotation": {"angle": 0, "axis": "y", "origin": [20, 7.5, 12]},
			"faces": {
				"north": {"uv": [3, 8, 7, 16], "texture": "#1"},
				"east": {"uv": [0, 8, 8, 16], "texture": "#1"},
				"south": {"uv": [0, 8, 4, 16], "texture": "#1"},
				"west": {"uv": [0, 8, 8, 16], "texture": "#1"}
			}
		},
		{
			"name": "leaves",
			"from": [10, 7, 3.5],
			"to": [17, 11, 12.5],
			"rotation": {"angle": 0, "axis": "y", "origin": [13.5, 9, 8]},
			"faces": {
				"north": {"uv": [0, 12, 7, 16], "texture": "#1"},
				"east": {"uv": [0, 12, 8, 16], "texture": "#1"},
				"south": {"uv": [1, 11, 8, 15], "texture": "#1"},
				"west": {"uv": [0, 8, 8, 12], "texture": "#1"},
				"up": {"uv": [0, 9, 8, 16], "rotation": 270, "texture": "#1"}
			}
		}
	],
	"display": {
		"thirdperson_righthand": {
			"rotation": [0, -90, 0],
			"translation": [0, 0.5, 3],
			"scale": [0.7, 0.7, 0.7]
		},
		"thirdperson_lefthand": {
			"rotation": [0, 90, 0],
			"translation": [0, 0.5, 3],
			"scale": [0.7, 0.7, 0.7]
		},
		"firstperson_righthand": {
			"rotation": [22.5, -90, 0],
			"translation": [-1.5, 2, 1],
			"scale": [0.6, 0.6, 0.6]
		},
		"firstperson_lefthand": {
			"rotation": [22.5, 90, 0],
			"translation": [-2, 2, 1],
			"scale": [0.6, 0.6, 0.6]
		},
		"ground": {
			"rotation": [45, 45, 0],
			"translation": [0, 8, 0],
			"scale": [0.6, 0.6, 0.6]
		},
		"gui": {
			"rotation": [60, -115, 0],
			"translation": [0, 1, 0],
			"scale": [0.85, 0.85, 0.85]
		},
		"fixed": {
			"rotation": [-90, 90, 0],
			"translation": [0.25, 0, 0]
		}
	}
}