{
	"credit": "Made by zeldahuman with Blockbench - https://blockbench.net",
	"ambientocclusion": false,
	"textures": {
		"texture": "wynn/weapons/assassin/basic_gold"
	},
	"elements": [
		{
			"name": "blade",
			"from": [6, 20, 7.5],
			"to": [10, 22, 8.5],
			"faces": {
				"north": {"uv": [11, 1, 15, 3], "texture": "#texture"},
				"east": {"uv": [11, 1, 12, 3], "texture": "#texture"},
				"south": {"uv": [15, 1, 11, 3], "texture": "#texture"},
				"west": {"uv": [14, 1, 15, 3], "texture": "#texture"},
				"up": {"uv": [11, 1, 15, 2], "rotation": 180, "texture": "#texture"}
			}
		},
		{
			"name": "blade",
			"from": [7, 22, 7.5],
			"to": [9, 23, 8.5],
			"faces": {
				"north": {"uv": [12, 0, 14, 1], "texture": "#texture"},
				"east": {"uv": [12, 0, 13, 1], "texture": "#texture"},
				"south": {"uv": [14, 0, 12, 1], "texture": "#texture"},
				"west": {"uv": [13, 0, 14, 1], "texture": "#texture"},
				"up": {"uv": [12, 0, 14, 1], "rotation": 180, "texture": "#texture"}
			}
		},
		{
			"name": "blade",
			"from": [5, 8, 7.5],
			"to": [11, 20, 8.5],
			"faces": {
				"north": {"uv": [10, 3, 16, 15], "texture": "#texture"},
				"east": {"uv": [10, 3, 11, 15], "texture": "#texture"},
				"south": {"uv": [16, 3, 10, 15], "texture": "#texture"},
				"west": {"uv": [15, 3, 16, 15], "texture": "#texture"},
				"up": {"uv": [10, 3, 16, 4], "rotation": 180, "texture": "#texture"}
			}
		},
		{
			"from": [6, 8, 7],
			"to": [10, 9, 9],
			"faces": {
				"north": {"uv": [4, 8, 8, 9], "texture": "#texture"},
				"east": {"uv": [4, 8, 6, 9], "texture": "#texture"},
				"south": {"uv": [8, 8, 4, 9], "texture": "#texture"},
				"west": {"uv": [6, 8, 8, 9], "texture": "#texture"},
				"up": {"uv": [4, 4, 8, 6], "rotation": 180, "texture": "#texture"},
				"down": {"uv": [0, 0, 0, 0], "texture": "#texture"}
			}
		},
		{
			"from": [6, 4, 7],
			"to": [10, 5, 9],
			"faces": {
				"north": {"uv": [4, 12, 8, 13], "texture": "#texture"},
				"east": {"uv": [4, 12, 6, 13], "texture": "#texture"},
				"south": {"uv": [8, 12, 4, 13], "texture": "#texture"},
				"west": {"uv": [6, 12, 8, 13], "texture": "#texture"},
				"down": {"uv": [4, 6, 8, 8], "texture": "#texture"}
			}
		},
		{
			"from": [5, 5, 7],
			"to": [11, 7, 9],
			"faces": {
				"north": {"uv": [3, 10, 9, 12], "texture": "#texture"},
				"east": {"uv": [3, 10, 4, 12], "texture": "#texture"},
				"south": {"uv": [9, 10, 3, 12], "texture": "#texture"},
				"west": {"uv": [8, 10, 9, 12], "texture": "#texture"},
				"down": {"uv": [2, 6, 8, 8], "texture": "#texture"}
			}
		},
		{
			"from": [4, 7, 7],
			"to": [12, 8, 9],
			"faces": {
				"north": {"uv": [2, 9, 10, 10], "texture": "#texture"},
				"east": {"uv": [0, 5, 2, 6], "texture": "#texture"},
				"south": {"uv": [10, 9, 2, 10], "texture": "#texture"},
				"west": {"uv": [0, 6, 2, 7], "texture": "#texture"},
				"up": {"uv": [0, 4, 8, 6], "rotation": 180, "texture": "#texture"},
				"down": {"uv": [0, 6, 8, 8], "rotation": 180, "texture": "#texture"}
			}
		},
		{
			"from": [7, -2, 7],
			"to": [9, 4, 9],
			"faces": {
				"north": {"uv": [0, 10, 2, 16], "texture": "#texture"},
				"east": {"uv": [0, 10, 2, 16], "texture": "#texture"},
				"south": {"uv": [0, 10, 2, 16], "texture": "#texture"},
				"west": {"uv": [0, 10, 2, 16], "texture": "#texture"},
				"down": {"uv": [6, 6, 8, 8], "texture": "#texture"}
			}
		},
		{
			"from": [6.5, -5, 6.5],
			"to": [9.5, -2, 9.5],
			"faces": {
				"north": {"uv": [3, 0, 6, 3], "texture": "#texture"},
				"east": {"uv": [3, 0, 6, 3], "texture": "#texture"},
				"south": {"uv": [6, 0, 3, 3], "texture": "#texture"},
				"west": {"uv": [3, 0, 6, 3], "texture": "#texture"},
				"up": {"uv": [0, 0, 3, 3], "texture": "#texture"},
				"down": {"uv": [6, 0, 9, 3], "texture": "#texture"}
			}
		}
	],
	"display": {
		"thirdperson_righthand": {
			"rotation": [0, -80, 0],
			"translation": [-0.75, 2.5, 1.5],
			"scale": [0.6, 0.6, 0.6]
		},
		"thirdperson_lefthand": {
			"rotation": [0, 100, 0],
			"translation": [-0.75, 2.5, 1.5],
			"scale": [0.6, 0.6, 0.6]
		},
		"firstperson_righthand": {
			"rotation": [0, -90, 30],
			"translation": [0.5, 3, 1],
			"scale": [0.5, 0.5, 0.5]
		},
		"firstperson_lefthand": {
			"rotation": [0, -90, 30],
			"translation": [0.5, 3, 1],
			"scale": [0.5, 0.5, 0.5]
		},
		"ground": {
			"rotation": [45, 45, 0],
			"translation": [0, 5, 0],
			"scale": [0.45, 0.45, 0.45]
		},
		"gui": {
			"rotation": [-20, 160, 30],
			"translation": [-0.75, -0.25, 0],
			"scale": [0.57, 0.57, 0.57]
		},
		"fixed": {
			"translation": [0, -0.75, -1],
			"scale": [0.65, 0.65, 0.65]
		}
	}
}