{
	"credit": "Made by zeldahuman with Blockbench - https://blockbench.net",
	"textures": {
		"particle": "wynn/weapons/assassin/air_tier_all_0",
		"texture": "wynn/weapons/assassin/air_tier_all_0"
	},
	"elements": [
		{
			"from": [-6.5, 9.5, 7.4375],
			"to": [10, 10, 7.5],
			"rotation": {"angle": 22.5, "axis": "x", "origin": [-6.5, 10, 7.4375]},
			"faces": {
				"north": {"uv": [0, 6.5, 15, 7.5], "texture": "#texture"},
				"east": {"uv": [7, 5, 7.5, 6], "texture": "#texture"},
				"south": {"uv": [0, 6.5, 15, 7.5], "texture": "#texture"},
				"west": {"uv": [7, 5, 7.5, 6], "texture": "#texture"},
				"up": {"uv": [0, 7, 15, 7.5], "texture": "#texture"},
				"down": {"uv": [0, 7, 15, 7.5], "texture": "#texture"}
			}
		},
		{
			"from": [-6.75, 9.5, 7],
			"to": [10, 10, 7.0625],
			"rotation": {"angle": -22.5, "axis": "x", "origin": [-6.75, 10, 7]},
			"faces": {
				"north": {"uv": [0, 6.5, 15, 7.5], "texture": "#texture"},
				"east": {"uv": [7, 5, 7.5, 6], "texture": "#texture"},
				"south": {"uv": [0, 6.5, 15, 7.5], "texture": "#texture"},
				"west": {"uv": [7, 5, 7.5, 6], "texture": "#texture"},
				"up": {"uv": [0, 7, 15, 7.5], "texture": "#texture"},
				"down": {"uv": [0, 7, 15, 7.5], "texture": "#texture"}
			}
		},
		{
			"from": [-5, 10, 7],
			"to": [10, 11, 7.5],
			"faces": {
				"north": {"uv": [0, 6.5, 15, 7.5], "texture": "#texture"},
				"east": {"uv": [7, 5, 7.5, 6], "texture": "#texture"},
				"south": {"uv": [0, 6.5, 15, 7.5], "texture": "#texture"},
				"west": {"uv": [7, 5, 7.5, 6], "texture": "#texture"},
				"up": {"uv": [0, 7, 15, 7.5], "texture": "#texture"},
				"down": {"uv": [0, 7, 15, 7.5], "texture": "#texture"}
			}
		},
		{
			"from": [-6.5, 10, 7],
			"to": [-5, 11, 7.5],
			"faces": {
				"north": {"uv": [0, 6.5, 15, 7.5], "texture": "#texture"},
				"east": {"uv": [7, 5, 7.5, 6], "texture": "#texture"},
				"south": {"uv": [0, 6.5, 15, 7.5], "texture": "#texture"},
				"west": {"uv": [7, 5, 7.5, 6], "texture": "#texture"},
				"up": {"uv": [0, 7, 15, 7.5], "texture": "#texture"},
				"down": {"uv": [0, 7, 15, 7.5], "texture": "#texture"}
			}
		},
		{
			"from": [10, 9.25, 6.75],
			"to": [10.75, 11.25, 7.75],
			"faces": {
				"north": {"uv": [3, 13.75, 5.5, 14.5], "texture": "#texture"},
				"east": {"uv": [12.75, 13.5, 13.75, 14.25], "texture": "#texture"},
				"south": {"uv": [3, 13.75, 5.5, 14.5], "texture": "#texture"},
				"west": {"uv": [12.75, 13.5, 13.75, 14.25], "texture": "#texture"},
				"up": {"uv": [11.5, 13.5, 14, 14.5], "texture": "#texture"},
				"down": {"uv": [11.5, 13.5, 14, 14.5], "texture": "#texture"}
			}
		},
		{
			"from": [10, 9.5, 6.5],
			"to": [10.75, 11, 8],
			"faces": {
				"north": {"uv": [3, 13.75, 5.5, 14.5], "texture": "#texture"},
				"east": {"uv": [12.75, 13.5, 13.75, 14.25], "texture": "#texture"},
				"south": {"uv": [3, 13.75, 5.5, 14.5], "texture": "#texture"},
				"west": {"uv": [12.75, 13.5, 13.75, 14.25], "texture": "#texture"},
				"up": {"uv": [11.5, 13.5, 14, 14.5], "texture": "#texture"},
				"down": {"uv": [11.5, 13.5, 14, 14.5], "texture": "#texture"}
			}
		},
		{
			"from": [10.75, 9.75, 7],
			"to": [17, 10.75, 7.5],
			"faces": {
				"north": {"uv": [3.75, 11, 6, 12], "texture": "#texture"},
				"east": {"uv": [3.25, 11, 5.25, 12], "texture": "#texture"},
				"south": {"uv": [3.75, 11, 6, 12], "texture": "#texture"},
				"west": {"uv": [3.25, 11, 5.25, 12], "texture": "#texture"},
				"up": {"uv": [4.75, 11, 7.75, 12], "texture": "#texture"},
				"down": {"uv": [4.75, 11, 7.75, 12], "texture": "#texture"}
			}
		},
		{
			"from": [11, 9.5, 6.75],
			"to": [11.5, 11, 7.75],
			"faces": {
				"north": {"uv": [13.5, 12, 16, 12.75], "texture": "#texture"},
				"east": {"uv": [13.25, 9.5, 16, 10.5], "texture": "#texture"},
				"south": {"uv": [13.5, 12, 16, 12.75], "texture": "#texture"},
				"west": {"uv": [13.25, 9.5, 16, 10.5], "texture": "#texture"},
				"up": {"uv": [13, 9.5, 15.5, 10.5], "texture": "#texture"},
				"down": {"uv": [13, 9.5, 15.5, 10.5], "texture": "#texture"}
			}
		},
		{
			"from": [11.75, 9.5, 6.75],
			"to": [12.25, 11, 7.75],
			"faces": {
				"north": {"uv": [13.5, 12, 16, 12.75], "texture": "#texture"},
				"east": {"uv": [13.25, 9.5, 16, 10.5], "texture": "#texture"},
				"south": {"uv": [13.5, 12, 16, 12.75], "texture": "#texture"},
				"west": {"uv": [13.25, 9.5, 16, 10.5], "texture": "#texture"},
				"up": {"uv": [13, 9.5, 15.5, 10.5], "texture": "#texture"},
				"down": {"uv": [13, 9.5, 15.5, 10.5], "texture": "#texture"}
			}
		},
		{
			"from": [12.5, 9.5, 6.75],
			"to": [13, 11, 7.75],
			"faces": {
				"north": {"uv": [13.5, 12, 16, 12.75], "texture": "#texture"},
				"east": {"uv": [13.25, 9.5, 16, 10.5], "texture": "#texture"},
				"south": {"uv": [13.5, 12, 16, 12.75], "texture": "#texture"},
				"west": {"uv": [13.25, 9.5, 16, 10.5], "texture": "#texture"},
				"up": {"uv": [13, 9.5, 15.5, 10.5], "texture": "#texture"},
				"down": {"uv": [13, 9.5, 15.5, 10.5], "texture": "#texture"}
			}
		},
		{
			"from": [13.25, 9.5, 6.75],
			"to": [13.75, 11, 7.75],
			"faces": {
				"north": {"uv": [13.5, 12, 16, 12.75], "texture": "#texture"},
				"east": {"uv": [13.25, 9.5, 16, 10.5], "texture": "#texture"},
				"south": {"uv": [13.5, 12, 16, 12.75], "texture": "#texture"},
				"west": {"uv": [13.25, 9.5, 16, 10.5], "texture": "#texture"},
				"up": {"uv": [13, 9.5, 15.5, 10.5], "texture": "#texture"},
				"down": {"uv": [13, 9.5, 15.5, 10.5], "texture": "#texture"}
			}
		},
		{
			"from": [14, 9.5, 6.75],
			"to": [14.5, 11, 7.75],
			"faces": {
				"north": {"uv": [13.5, 12, 16, 12.75], "texture": "#texture"},
				"east": {"uv": [13.25, 9.5, 16, 10.5], "texture": "#texture"},
				"south": {"uv": [13.5, 12, 16, 12.75], "texture": "#texture"},
				"west": {"uv": [13.25, 9.5, 16, 10.5], "texture": "#texture"},
				"up": {"uv": [13, 9.5, 15.5, 10.5], "texture": "#texture"},
				"down": {"uv": [13, 9.5, 15.5, 10.5], "texture": "#texture"}
			}
		},
		{
			"from": [14.75, 9.5, 6.75],
			"to": [15.25, 11, 7.75],
			"faces": {
				"north": {"uv": [13.5, 12, 16, 12.75], "texture": "#texture"},
				"east": {"uv": [13.25, 9.5, 16, 10.5], "texture": "#texture"},
				"south": {"uv": [13.5, 12, 16, 12.75], "texture": "#texture"},
				"west": {"uv": [13.25, 9.5, 16, 10.5], "texture": "#texture"},
				"up": {"uv": [13, 9.5, 15.5, 10.5], "texture": "#texture"},
				"down": {"uv": [13, 9.5, 15.5, 10.5], "texture": "#texture"}
			}
		},
		{
			"from": [15.5, 9.5, 6.75],
			"to": [16, 11, 7.75],
			"faces": {
				"north": {"uv": [13.5, 12, 16, 12.75], "texture": "#texture"},
				"east": {"uv": [13.25, 9.5, 16, 10.5], "texture": "#texture"},
				"south": {"uv": [13.5, 12, 16, 12.75], "texture": "#texture"},
				"west": {"uv": [13.25, 9.5, 16, 10.5], "texture": "#texture"},
				"up": {"uv": [13, 9.5, 15.5, 10.5], "texture": "#texture"},
				"down": {"uv": [13, 9.5, 15.5, 10.5], "texture": "#texture"}
			}
		},
		{
			"from": [16.25, 9.5, 6.75],
			"to": [16.75, 11, 7.75],
			"faces": {
				"north": {"uv": [13.5, 12, 16, 12.75], "texture": "#texture"},
				"east": {"uv": [13.25, 9.5, 16, 10.5], "texture": "#texture"},
				"south": {"uv": [13.5, 12, 16, 12.75], "texture": "#texture"},
				"west": {"uv": [13.25, 9.5, 16, 10.5], "texture": "#texture"},
				"up": {"uv": [13, 9.5, 15.5, 10.5], "texture": "#texture"},
				"down": {"uv": [13, 9.5, 15.5, 10.5], "texture": "#texture"}
			}
		},
		{
			"from": [17, 9.5, 6.5],
			"to": [17.75, 11, 8],
			"faces": {
				"north": {"uv": [3, 13.75, 5.5, 14.5], "texture": "#texture"},
				"east": {"uv": [12.75, 13.5, 13.75, 14.25], "texture": "#texture"},
				"south": {"uv": [3, 13.75, 5.5, 14.5], "texture": "#texture"},
				"west": {"uv": [12.75, 13.5, 13.75, 14.25], "texture": "#texture"},
				"up": {"uv": [11.5, 13.5, 14, 14.5], "texture": "#texture"},
				"down": {"uv": [11.5, 13.5, 14, 14.5], "texture": "#texture"}
			}
		},
		{
			"from": [-8, 10.75, 7],
			"to": [-6.5, 11, 7.5],
			"faces": {
				"north": {"uv": [0, 6.5, 15, 7.5], "texture": "#texture"},
				"east": {"uv": [7, 5, 7.5, 6], "texture": "#texture"},
				"south": {"uv": [0, 6.5, 15, 7.5], "texture": "#texture"},
				"west": {"uv": [7, 5, 7.5, 6], "texture": "#texture"},
				"up": {"uv": [0, 7, 15, 7.5], "texture": "#texture"},
				"down": {"uv": [0, 7, 15, 7.5], "texture": "#texture"}
			}
		},
		{
			"from": [-7.75, 10.5, 7],
			"to": [-6.5, 10.75, 7.5],
			"faces": {
				"north": {"uv": [0, 6.5, 15, 7.5], "texture": "#texture"},
				"east": {"uv": [7, 5, 7.5, 6], "texture": "#texture"},
				"south": {"uv": [0, 6.5, 15, 7.5], "texture": "#texture"},
				"west": {"uv": [7, 5, 7.5, 6], "texture": "#texture"},
				"up": {"uv": [0, 7, 15, 7.5], "texture": "#texture"},
				"down": {"uv": [0, 7, 15, 7.5], "texture": "#texture"}
			}
		},
		{
			"from": [-7.5, 10.25, 7],
			"to": [-6.5, 10.5, 7.5],
			"faces": {
				"north": {"uv": [0, 6.5, 15, 7.5], "texture": "#texture"},
				"east": {"uv": [7, 5, 7.5, 6], "texture": "#texture"},
				"south": {"uv": [0, 6.5, 15, 7.5], "texture": "#texture"},
				"west": {"uv": [7, 5, 7.5, 6], "texture": "#texture"},
				"up": {"uv": [0, 7, 15, 7.5], "texture": "#texture"},
				"down": {"uv": [0, 7, 15, 7.5], "texture": "#texture"}
			}
		},
		{
			"from": [-7.25, 10, 7],
			"to": [-6.5, 10.25, 7.5],
			"faces": {
				"north": {"uv": [0, 6.5, 15, 7.5], "texture": "#texture"},
				"east": {"uv": [7, 5, 7.5, 6], "texture": "#texture"},
				"south": {"uv": [0, 6.5, 15, 7.5], "texture": "#texture"},
				"west": {"uv": [7, 5, 7.5, 6], "texture": "#texture"},
				"up": {"uv": [0, 7, 15, 7.5], "texture": "#texture"},
				"down": {"uv": [0, 7, 15, 7.5], "texture": "#texture"}
			}
		},
		{
			"from": [-6.75, 9.5, 7.125],
			"to": [-6.5, 9.75, 7.375],
			"faces": {
				"north": {"uv": [0, 6.5, 15, 7.5], "texture": "#texture"},
				"east": {"uv": [7, 5, 7.5, 6], "texture": "#texture"},
				"south": {"uv": [0, 6.5, 15, 7.5], "texture": "#texture"},
				"west": {"uv": [7, 5, 7.5, 6], "texture": "#texture"},
				"up": {"uv": [0, 7, 15, 7.5], "texture": "#texture"},
				"down": {"uv": [0, 7, 15, 7.5], "texture": "#texture"}
			}
		},
		{
			"from": [-7, 9.75, 7],
			"to": [-6.5, 10, 7.5],
			"faces": {
				"north": {"uv": [0, 6.5, 15, 7.5], "texture": "#texture"},
				"east": {"uv": [7, 5, 7.5, 6], "texture": "#texture"},
				"south": {"uv": [0, 6.5, 15, 7.5], "texture": "#texture"},
				"west": {"uv": [7, 5, 7.5, 6], "texture": "#texture"},
				"up": {"uv": [0, 7, 15, 7.5], "texture": "#texture"},
				"down": {"uv": [0, 7, 15, 7.5], "texture": "#texture"}
			}
		},
		{
			"from": [17.75, 9.5, 6.75],
			"to": [18, 11, 7.75],
			"faces": {
				"north": {"uv": [3, 13.75, 5.5, 14.5], "texture": "#texture"},
				"east": {"uv": [12.75, 13.5, 13.75, 14.25], "texture": "#texture"},
				"south": {"uv": [3, 13.75, 5.5, 14.5], "texture": "#texture"},
				"west": {"uv": [12.75, 13.5, 13.75, 14.25], "texture": "#texture"},
				"up": {"uv": [11.5, 13.5, 14, 14.5], "texture": "#texture"},
				"down": {"uv": [11.5, 13.5, 14, 14.5], "texture": "#texture"}
			}
		},
		{
			"from": [17, 9.25, 6.75],
			"to": [17.75, 11.25, 7.75],
			"faces": {
				"north": {"uv": [3, 13.75, 5.5, 14.5], "texture": "#texture"},
				"east": {"uv": [12.75, 13.5, 13.75, 14.25], "texture": "#texture"},
				"south": {"uv": [3, 13.75, 5.5, 14.5], "texture": "#texture"},
				"west": {"uv": [12.75, 13.5, 13.75, 14.25], "texture": "#texture"},
				"up": {"uv": [11.5, 13.5, 14, 14.5], "texture": "#texture"},
				"down": {"uv": [11.5, 13.5, 14, 14.5], "texture": "#texture"}
			}
		}
	],
	"display": {
		"thirdperson_righthand": {
			"rotation": [90, -90, 0],
			"translation": [-1, 3.5, -0.5]
		},
		"thirdperson_lefthand": {
			"rotation": [90, 90, 0],
			"translation": [0, 3.5, -0.5]
		},
		"firstperson_righthand": {
			"rotation": [65, -90, 0],
			"translation": [-1, 4, 0],
			"scale": [0.6, 0.6, 0.6]
		},
		"firstperson_lefthand": {
			"rotation": [65, 90, 0],
			"translation": [0, 4, 0],
			"scale": [0.6, 0.6, 0.6]
		},
		"ground": {
			"rotation": [45, -45, 0],
			"translation": [0, 5, 0],
			"scale": [0.7, 0.7, 0.7]
		},
		"gui": {
			"rotation": [-20, -160, -60],
			"translation": [0.25, -2.5, 0],
			"scale": [0.9, 0.9, 0.9]
		},
		"fixed": {
			"rotation": [0, 0, -90],
			"translation": [-2, -1.75, -0.5]
		}
	}
}