{
	"credit": "Made by zeldahuman with Blockbench - https://blockbench.net",
	"ambientocclusion": false,
	"textures": {
		"texture": "wynn/weapons/assassin/basic_wooden"
	},
	"elements": [
		{
			"name": "blade",
			"from": [6, 20, 7.5],
			"to": [10, 22, 8.5],
			"faces": {
				"north": {"uv": [11, 1, 15, 3], "texture": "#texture"},
				"east": {"uv": [11, 1, 12, 3], "texture": "#texture"},
				"south": {"uv": [15, 1, 11, 3], "texture": "#texture"},
				"west": {"uv": [14, 1, 15, 3], "texture": "#texture"},
				"up": {"uv": [11, 1, 15, 2], "rotation": 180, "texture": "#texture"}
			}
		},
		{
			"name": "blade",
			"from": [7, 22, 7.5],
			"to": [9, 23, 8.5],
			"faces": {
				"north": {"uv": [12, 0, 14, 1], "texture": "#texture"},
				"east": {"uv": [12, 0, 13, 1], "texture": "#texture"},
				"south": {"uv": [14, 0, 12, 1], "texture": "#texture"},
				"west": {"uv": [13, 0, 14, 1], "texture": "#texture"},
				"up": {"uv": [12, 0, 14, 1], "rotation": 180, "texture": "#texture"}
			}
		},
		{
			"name": "blade",
			"from": [5, 8, 7.5],
			"to": [11, 20, 8.5],
			"faces": {
				"north": {"uv": [10, 3, 16, 15], "texture": "#texture"},
				"east": {"uv": [10, 3, 11, 15], "texture": "#texture"},
				"south": {"uv": [16, 3, 10, 15], "texture": "#texture"},
				"west": {"uv": [15, 3, 16, 15], "texture": "#texture"},
				"up": {"uv": [10, 3, 16, 4], "rotation": 180, "texture": "#texture"}
			}
		},
		{
			"from": [5, 6, 7],
			"to": [11, 8, 9],
			"faces": {
				"north": {"uv": [2, 9, 8, 11], "texture": "#texture"},
				"east": {"uv": [0, 4, 2, 6], "texture": "#texture"},
				"south": {"uv": [2, 9, 8, 11], "texture": "#texture"},
				"west": {"uv": [0, 6, 2, 8], "texture": "#texture"},
				"up": {"uv": [2, 4, 8, 6], "texture": "#texture"},
				"down": {"uv": [2, 6, 8, 8], "texture": "#texture"}
			}
		},
		{
			"from": [3, 7, 7],
			"to": [6, 9, 9],
			"faces": {
				"north": {"uv": [7, 8, 10, 10], "texture": "#texture"},
				"east": {"uv": [7, 8, 9, 10], "texture": "#texture"},
				"south": {"uv": [0, 8, 3, 10], "texture": "#texture"},
				"west": {"uv": [8, 8, 10, 10], "texture": "#texture"},
				"up": {"uv": [0, 4, 3, 6], "texture": "#texture"},
				"down": {"uv": [5, 6, 8, 8], "texture": "#texture"}
			}
		},
		{
			"from": [10, 7, 7],
			"to": [13, 9, 9],
			"faces": {
				"north": {"uv": [0, 8, 3, 10], "texture": "#texture"},
				"east": {"uv": [7, 8, 9, 10], "texture": "#texture"},
				"south": {"uv": [7, 8, 10, 10], "texture": "#texture"},
				"west": {"uv": [8, 8, 10, 10], "texture": "#texture"},
				"up": {"uv": [0, 6, 3, 8], "rotation": 180, "texture": "#texture"},
				"down": {"uv": [5, 4, 8, 6], "rotation": 180, "texture": "#texture"}
			}
		},
		{
			"from": [7, 0, 7],
			"to": [9, 6, 9],
			"faces": {
				"north": {"uv": [0, 10, 2, 16], "texture": "#texture"},
				"east": {"uv": [0, 10, 2, 16], "texture": "#texture"},
				"south": {"uv": [0, 10, 2, 16], "texture": "#texture"},
				"west": {"uv": [0, 10, 2, 16], "texture": "#texture"},
				"down": {"uv": [6, 6, 8, 8], "texture": "#texture"}
			}
		}
	],
	"display": {
		"thirdperson_righthand": {
			"rotation": [0, -80, 0],
			"translation": [-0.75, 1, 1.5],
			"scale": [0.5, 0.5, 0.5]
		},
		"thirdperson_lefthand": {
			"rotation": [0, -80, 0],
			"translation": [-0.75, 1, 1.5],
			"scale": [0.5, 0.5, 0.5]
		},
		"firstperson_righthand": {
			"rotation": [0, -90, 45],
			"translation": [0.5, 1, 1],
			"scale": [0.5, 0.5, 0.5]
		},
		"firstperson_lefthand": {
			"rotation": [0, -90, 45],
			"translation": [0.5, 1, 1],
			"scale": [0.5, 0.5, 0.5]
		},
		"ground": {
			"rotation": [45, 45, 0],
			"translation": [0, 5, 0],
			"scale": [0.4, 0.4, 0.4]
		},
		"gui": {
			"rotation": [-20, 160, 30],
			"translation": [-1, -1, 0],
			"scale": [0.6, 0.6, 0.6]
		},
		"fixed": {
			"translation": [0, -2, -1],
			"scale": [0.65, 0.65, 0.65]
		}
	}
}