{
	"credit": "Made by zeldahuman with Blockbench - https://blockbench.net",
	"textures": {
		"texture": "wynn/weapons/assassin/multi_tier_all_0",
		"multielement_orb": "wynn/weapons/anim/multi_color_petals",
		"red-blue_swirl": "wynn/weapons/anim/multi_swirl_0",
		"green-yellow_swirl": "wynn/weapons/anim/multi_swirl_1",
		"blade_glow": "wynn/weapons/assassin/multi_tier_all_1"
	},
	"elements": [
		{
			"from": [-6.625, 6.25, 7.5],
			"to": [9.875, 8.75, 8],
			"faces": {
				"north": {"uv": [0.25, 1.25, 15.75, 3.75], "texture": "#blade_glow"},
				"east": {"uv": [6, 2.25, 6.5, 4.75], "texture": "#blade_glow"},
				"south": {"uv": [0.25, 1.25, 15.75, 3.75], "texture": "#blade_glow"},
				"west": {"uv": [6, 2.25, 6.5, 4.75], "texture": "#blade_glow"},
				"up": {"uv": [0.25, 1.75, 15.75, 2.25], "texture": "#blade_glow"},
				"down": {"uv": [0.25, 1.75, 15.75, 2.25], "texture": "#blade_glow"}
			}
		},
		{
			"from": [11.375, 9.625, 7],
			"to": [11.875, 11.125, 8.5],
			"faces": {
				"north": {"uv": [2, 5, 3, 7], "texture": "#texture"},
				"east": {"uv": [1, 6, 3, 8], "texture": "#texture"},
				"south": {"uv": [2, 5, 3, 7], "texture": "#texture"},
				"west": {"uv": [2, 5, 4, 7], "texture": "#texture"},
				"up": {"uv": [2, 5, 3, 7], "texture": "#texture"},
				"down": {"uv": [2, 5, 3, 7], "texture": "#texture"}
			}
		},
		{
			"from": [11.375, 3.925, 7],
			"to": [11.875, 5.425, 8.5],
			"rotation": {"angle": 0, "axis": "y", "origin": [8, 7.05, 8]},
			"faces": {
				"north": {"uv": [2, 7, 3, 5], "texture": "#texture"},
				"east": {"uv": [1, 8, 3, 6], "texture": "#texture"},
				"south": {"uv": [2, 7, 3, 5], "texture": "#texture"},
				"west": {"uv": [2, 7, 4, 5], "texture": "#texture"},
				"up": {"uv": [2, 7, 3, 5], "texture": "#texture"},
				"down": {"uv": [2, 7, 3, 5], "texture": "#texture"}
			}
		},
		{
			"from": [12, 7.125, 7.25],
			"to": [18.5, 7.875, 8.25],
			"faces": {
				"north": {"uv": [3.25, 13.25, 9.625, 14.5], "texture": "#texture"},
				"east": {"uv": [3.75, 14.75, 4.25, 16], "texture": "#texture"},
				"south": {"uv": [3.25, 13.25, 9.625, 14.5], "texture": "#texture"},
				"west": {"uv": [3.75, 14.75, 4.25, 16], "texture": "#texture"},
				"up": {"uv": [5.75, 12.75, 12.125, 13.25], "texture": "#texture"},
				"down": {"uv": [5.75, 12.75, 12.125, 13.25], "texture": "#texture"}
			}
		},
		{
			"from": [11.25, 6.25, 6.5],
			"to": [12, 8.75, 9],
			"faces": {
				"north": {"uv": [1, 4, 4, 5], "rotation": 90, "texture": "#texture"},
				"east": {"uv": [1, 4, 4, 5], "rotation": 90, "texture": "#texture"},
				"south": {"uv": [1, 4, 4, 5], "rotation": 90, "texture": "#texture"},
				"west": {"uv": [1, 4, 4, 5], "rotation": 90, "texture": "#texture"},
				"up": {"uv": [1, 4, 4, 5], "rotation": 90, "texture": "#texture"},
				"down": {"uv": [1, 4, 4, 5], "rotation": 90, "texture": "#texture"}
			}
		},
		{
			"from": [18, 6.25, 6.5],
			"to": [18.75, 8.75, 9],
			"rotation": {"angle": 0, "axis": "y", "origin": [14.75, 8, 8]},
			"faces": {
				"north": {"uv": [1, 4, 4, 5], "rotation": 90, "texture": "#texture"},
				"east": {"uv": [1, 4, 4, 5], "rotation": 90, "texture": "#texture"},
				"south": {"uv": [1, 4, 4, 5], "rotation": 90, "texture": "#texture"},
				"west": {"uv": [1, 4, 4, 5], "rotation": 90, "texture": "#texture"},
				"up": {"uv": [1, 4, 4, 5], "rotation": 90, "texture": "#texture"},
				"down": {"uv": [1, 4, 4, 5], "rotation": 90, "texture": "#texture"}
			}
		},
		{
			"from": [9.75, 6.375, 7.375],
			"to": [10, 8.625, 8.125],
			"faces": {
				"north": {"uv": [8.75, 1.125, 9, 3.375], "texture": "#blade_glow"},
				"east": {"uv": [8.75, 1.125, 9, 3.375], "texture": "#blade_glow"},
				"south": {"uv": [8.75, 1.125, 9, 3.375], "texture": "#blade_glow"},
				"west": {"uv": [8.75, 1.125, 9, 3.375], "texture": "#blade_glow"},
				"up": {"uv": [8.75, 1.125, 9, 3.375], "texture": "#blade_glow"},
				"down": {"uv": [8.75, 1.125, 9, 3.375], "texture": "#blade_glow"}
			}
		},
		{
			"from": [20.25, 6, 6.25],
			"to": [23.25, 9, 9.25],
			"faces": {
				"north": {"uv": [6, 10, 10, 14], "texture": "#multielement_orb"},
				"east": {"uv": [6.25, 10.125, 9.75, 13.75], "texture": "#multielement_orb"},
				"south": {"uv": [6, 10, 10, 14], "texture": "#multielement_orb"},
				"west": {"uv": [6.25, 10.125, 9.75, 13.75], "texture": "#multielement_orb"},
				"up": {"uv": [6.125, 10.125, 9.875, 13.875], "texture": "#multielement_orb"},
				"down": {"uv": [6.125, 10.125, 9.875, 13.875], "texture": "#multielement_orb"}
			}
		},
		{
			"from": [20.5, 6.25, 6],
			"to": [23, 8.75, 9.5],
			"faces": {
				"north": {"uv": [6, 10, 10, 14], "texture": "#multielement_orb"},
				"east": {"uv": [6.25, 10.125, 9.75, 13.75], "texture": "#multielement_orb"},
				"south": {"uv": [6, 10, 10, 14], "texture": "#multielement_orb"},
				"west": {"uv": [6.25, 10.125, 9.75, 13.75], "texture": "#multielement_orb"},
				"up": {"uv": [6.125, 10.125, 9.875, 13.875], "texture": "#multielement_orb"},
				"down": {"uv": [6.125, 10.125, 9.875, 13.875], "texture": "#multielement_orb"}
			}
		},
		{
			"from": [20.5, 5.75, 6.5],
			"to": [23, 9.25, 9],
			"faces": {
				"north": {"uv": [6, 10, 10, 14], "texture": "#multielement_orb"},
				"east": {"uv": [6.25, 10.125, 9.75, 13.75], "texture": "#multielement_orb"},
				"south": {"uv": [6, 10, 10, 14], "texture": "#multielement_orb"},
				"west": {"uv": [6.25, 10.125, 9.75, 13.75], "texture": "#multielement_orb"},
				"up": {"uv": [6.125, 10.125, 9.875, 13.875], "texture": "#multielement_orb"},
				"down": {"uv": [6.125, 10.125, 9.875, 13.875], "texture": "#multielement_orb"}
			}
		},
		{
			"from": [20, 6.25, 6.5],
			"to": [23.5, 8.75, 9],
			"faces": {
				"north": {"uv": [6, 10, 10, 14], "texture": "#multielement_orb"},
				"east": {"uv": [6.25, 10.125, 9.75, 13.75], "texture": "#multielement_orb"},
				"south": {"uv": [6, 10, 10, 14], "texture": "#multielement_orb"},
				"west": {"uv": [6.25, 10.125, 9.75, 13.75], "texture": "#multielement_orb"},
				"up": {"uv": [6.125, 10.125, 9.875, 13.875], "texture": "#multielement_orb"},
				"down": {"uv": [6.125, 10.125, 9.875, 13.875], "texture": "#multielement_orb"}
			}
		},
		{
			"from": [18.75, 7, 7.25],
			"to": [20, 8, 8.25],
			"faces": {
				"north": {"uv": [3.25, 13.25, 9.625, 14.5], "texture": "#texture"},
				"east": {"uv": [3.75, 14.75, 4.25, 16], "texture": "#texture"},
				"south": {"uv": [3.25, 13.25, 9.625, 14.5], "texture": "#texture"},
				"west": {"uv": [3.75, 14.75, 4.25, 16], "texture": "#texture"},
				"up": {"uv": [5.75, 12.75, 12.125, 13.25], "texture": "#texture"},
				"down": {"uv": [5.75, 12.75, 12.125, 13.25], "texture": "#texture"}
			}
		},
		{
			"from": [11.25, 8.75, 6.75],
			"to": [12, 9.75, 8.75],
			"faces": {
				"north": {"uv": [3, 4, 4, 6], "texture": "#texture"},
				"east": {"uv": [1, 5, 5, 7], "texture": "#texture"},
				"south": {"uv": [2, 5, 3, 7], "texture": "#texture"},
				"west": {"uv": [1, 5, 5, 7], "texture": "#texture"},
				"up": {"uv": [1, 5, 3, 7], "texture": "#texture"},
				"down": {"uv": [1, 5, 3, 7], "texture": "#texture"}
			}
		},
		{
			"from": [11.25, 5.3, 6.75],
			"to": [12, 6.3, 8.75],
			"rotation": {"angle": 0, "axis": "y", "origin": [8, 7.05, 8]},
			"faces": {
				"north": {"uv": [3, 6, 4, 4], "texture": "#texture"},
				"east": {"uv": [1, 7, 5, 5], "texture": "#texture"},
				"south": {"uv": [2, 7, 3, 5], "texture": "#texture"},
				"west": {"uv": [1, 7, 5, 5], "texture": "#texture"},
				"up": {"uv": [1, 7, 3, 5], "texture": "#texture"},
				"down": {"uv": [1, 7, 3, 5], "texture": "#texture"}
			}
		},
		{
			"from": [11.5, 10.25, 7.25],
			"to": [11.75, 11.75, 8.25],
			"faces": {
				"north": {"uv": [0, 5, 1, 7], "texture": "#texture"},
				"east": {"uv": [0, 5, 1, 7], "texture": "#texture"},
				"south": {"uv": [0, 5, 1, 7], "texture": "#texture"},
				"west": {"uv": [0, 5, 1, 7], "texture": "#texture"},
				"up": {"uv": [0, 5, 1, 7], "texture": "#texture"},
				"down": {"uv": [0, 5, 1, 7], "texture": "#texture"}
			}
		},
		{
			"from": [11.5, 3.3, 7.25],
			"to": [11.75, 4.8, 8.25],
			"rotation": {"angle": 0, "axis": "y", "origin": [8, 7.05, 8]},
			"faces": {
				"north": {"uv": [0, 7, 1, 5], "texture": "#texture"},
				"east": {"uv": [0, 7, 1, 5], "texture": "#texture"},
				"south": {"uv": [0, 7, 1, 5], "texture": "#texture"},
				"west": {"uv": [0, 7, 1, 5], "texture": "#texture"},
				"up": {"uv": [0, 7, 1, 5], "texture": "#texture"},
				"down": {"uv": [0, 7, 1, 5], "texture": "#texture"}
			}
		},
		{
			"from": [11.75, 6.5, 6.75],
			"to": [12.25, 8.5, 8.75],
			"faces": {
				"north": {"uv": [6.5, 8.75, 9.5, 11.25], "texture": "#texture"},
				"east": {"uv": [7, 9.25, 8, 11.75], "texture": "#texture"},
				"south": {"uv": [6.5, 8.75, 9.5, 11.25], "texture": "#texture"},
				"west": {"uv": [7, 9.25, 8, 11.75], "texture": "#texture"},
				"up": {"uv": [7.25, 8, 10.25, 9], "texture": "#texture"},
				"down": {"uv": [7.25, 8, 10.25, 9], "texture": "#texture"}
			}
		},
		{
			"from": [18.5, 6.5, 6.75],
			"to": [19, 8.5, 8.75],
			"faces": {
				"north": {"uv": [6.5, 8.75, 9.5, 11.25], "texture": "#texture"},
				"east": {"uv": [7, 9.25, 8, 11.75], "texture": "#texture"},
				"south": {"uv": [6.5, 8.75, 9.5, 11.25], "texture": "#texture"},
				"west": {"uv": [7, 9.25, 8, 11.75], "texture": "#texture"},
				"up": {"uv": [7.25, 8, 10.25, 9], "texture": "#texture"},
				"down": {"uv": [7.25, 8, 10.25, 9], "texture": "#texture"}
			}
		},
		{
			"from": [18.75, 6.75, 7],
			"to": [19.25, 8.25, 8.5],
			"faces": {
				"north": {"uv": [12, 8.75, 15, 11.25], "texture": "#texture"},
				"east": {"uv": [12.5, 8.75, 13.5, 11.25], "texture": "#texture"},
				"south": {"uv": [12, 8.75, 15, 11.25], "texture": "#texture"},
				"west": {"uv": [12.5, 8.75, 13.5, 11.25], "texture": "#texture"},
				"up": {"uv": [12, 8.5, 15, 9.5], "texture": "#texture"},
				"down": {"uv": [12, 8.5, 15, 9.5], "texture": "#texture"}
			}
		},
		{
			"from": [12, 6.875, 7.5],
			"to": [18.375, 8.125, 8],
			"faces": {
				"north": {"uv": [3.25, 13.25, 9.625, 14.5], "texture": "#texture"},
				"east": {"uv": [3.75, 14.75, 4.25, 16], "texture": "#texture"},
				"south": {"uv": [3.25, 13.25, 9.625, 14.5], "texture": "#texture"},
				"west": {"uv": [3.75, 14.75, 4.25, 16], "texture": "#texture"},
				"up": {"uv": [5.75, 12.75, 12.125, 13.25], "texture": "#texture"},
				"down": {"uv": [5.75, 12.75, 12.125, 13.25], "texture": "#texture"}
			}
		},
		{
			"from": [12, 7, 7.375],
			"to": [18.5, 8, 8.125],
			"faces": {
				"north": {"uv": [3.25, 13.25, 9.625, 14.5], "texture": "#texture"},
				"east": {"uv": [3.75, 14.75, 4.25, 16], "texture": "#texture"},
				"south": {"uv": [3.25, 13.25, 9.625, 14.5], "texture": "#texture"},
				"west": {"uv": [3.75, 14.75, 4.25, 16], "texture": "#texture"},
				"up": {"uv": [5.75, 12.75, 12.125, 13.25], "texture": "#texture"},
				"down": {"uv": [5.75, 12.75, 12.125, 13.25], "texture": "#texture"}
			}
		},
		{
			"from": [12, 7.25, 7.125],
			"to": [18.25, 7.75, 8.375],
			"faces": {
				"north": {"uv": [3.25, 13.25, 9.625, 14.5], "texture": "#texture"},
				"east": {"uv": [3.75, 14.75, 4.25, 16], "texture": "#texture"},
				"south": {"uv": [3.25, 13.25, 9.625, 14.5], "texture": "#texture"},
				"west": {"uv": [3.75, 14.75, 4.25, 16], "texture": "#texture"},
				"up": {"uv": [5.75, 12.75, 12.125, 13.25], "texture": "#texture"},
				"down": {"uv": [5.75, 12.75, 12.125, 13.25], "texture": "#texture"}
			}
		},
		{
			"from": [12, 6.75, 7],
			"to": [12.5, 8.25, 8.5],
			"faces": {
				"north": {"uv": [12, 8.75, 15, 11.25], "texture": "#texture"},
				"east": {"uv": [12.5, 8.75, 13.5, 11.25], "texture": "#texture"},
				"south": {"uv": [12, 8.75, 15, 11.25], "texture": "#texture"},
				"west": {"uv": [12.5, 8.75, 13.5, 11.25], "texture": "#texture"},
				"up": {"uv": [12, 8.5, 15, 9.5], "texture": "#texture"},
				"down": {"uv": [12, 8.5, 15, 9.5], "texture": "#texture"}
			}
		},
		{
			"from": [10, 6.625, 7.5],
			"to": [10.25, 8.375, 8],
			"faces": {
				"north": {"uv": [8.75, 1.125, 9, 2.875], "texture": "#blade_glow"},
				"east": {"uv": [8.75, 1.125, 9, 2.875], "texture": "#blade_glow"},
				"south": {"uv": [8.75, 1.125, 9, 2.875], "texture": "#blade_glow"},
				"west": {"uv": [8.75, 1.125, 9, 2.875], "texture": "#blade_glow"},
				"up": {"uv": [8.75, 1.125, 9, 2.875], "texture": "#blade_glow"},
				"down": {"uv": [8.75, 1.125, 9, 2.875], "texture": "#blade_glow"}
			}
		},
		{
			"from": [17.75, 6.5, 6.75],
			"to": [18.25, 8.5, 8.75],
			"faces": {
				"north": {"uv": [2.25, 8.5, 5.25, 11], "texture": "#texture"},
				"east": {"uv": [2.5, 8.5, 3.5, 11], "texture": "#texture"},
				"south": {"uv": [2.25, 8.5, 5.25, 11], "texture": "#texture"},
				"west": {"uv": [2.5, 8.5, 3.5, 11], "texture": "#texture"},
				"up": {"uv": [1.75, 8.75, 4.75, 9.75], "texture": "#texture"},
				"down": {"uv": [1.75, 8.75, 4.75, 9.75], "texture": "#texture"}
			}
		},
		{
			"from": [17.5, 6.75, 7],
			"to": [18, 8.25, 8.5],
			"faces": {
				"north": {"uv": [6.25, 4.75, 9.25, 7.25], "texture": "#texture"},
				"east": {"uv": [8.5, 5, 9.5, 7.5], "texture": "#texture"},
				"south": {"uv": [6.25, 4.75, 9.25, 7.25], "texture": "#texture"},
				"west": {"uv": [8.5, 5, 9.5, 7.5], "texture": "#texture"},
				"up": {"uv": [6.75, 4.5, 9.75, 5.5], "texture": "#texture"},
				"down": {"uv": [6.75, 4.5, 9.75, 5.5], "texture": "#texture"}
			}
		},
		{
			"from": [11, 6.5, 6.75],
			"to": [11.5, 8.5, 8.75],
			"faces": {
				"north": {"uv": [2.25, 8.5, 5.25, 11], "texture": "#texture"},
				"east": {"uv": [2.5, 8.5, 3.5, 11], "texture": "#texture"},
				"south": {"uv": [2.25, 8.5, 5.25, 11], "texture": "#texture"},
				"west": {"uv": [2.5, 8.5, 3.5, 11], "texture": "#texture"},
				"up": {"uv": [1.75, 8.75, 4.75, 9.75], "texture": "#texture"},
				"down": {"uv": [1.75, 8.75, 4.75, 9.75], "texture": "#texture"}
			}
		},
		{
			"from": [10.75, 6.75, 7],
			"to": [11.25, 8.25, 8.5],
			"faces": {
				"north": {"uv": [6.25, 4.75, 9.25, 7.25], "texture": "#texture"},
				"east": {"uv": [8.5, 5, 9.5, 7.5], "texture": "#texture"},
				"south": {"uv": [6.25, 4.75, 9.25, 7.25], "texture": "#texture"},
				"west": {"uv": [8.5, 5, 9.5, 7.5], "texture": "#texture"},
				"up": {"uv": [6.75, 4.5, 9.75, 5.5], "texture": "#texture"},
				"down": {"uv": [6.75, 4.5, 9.75, 5.5], "texture": "#texture"}
			}
		},
		{
			"from": [10.48, 11.105, 7.23],
			"to": [10.77, 12.645, 8.27],
			"rotation": {"angle": 45, "axis": "z", "origin": [10.5, 12.625, 7.25]},
			"faces": {
				"north": {"uv": [0, 5, 0.25, 7], "texture": "#texture"},
				"east": {"uv": [0, 5, 0.25, 7], "texture": "#texture"},
				"south": {"uv": [0, 5, 0.25, 7], "texture": "#texture"},
				"west": {"uv": [0, 5, 0.25, 7], "texture": "#texture"},
				"up": {"uv": [0, 5, 0.25, 6], "texture": "#texture"},
				"down": {"uv": [0, 5, 0.25, 7], "texture": "#texture"}
			}
		},
		{
			"from": [10.48, 2.405, 7.23],
			"to": [10.77, 3.945, 8.27],
			"rotation": {"angle": -45, "axis": "z", "origin": [10.5, 2.425, 7.25]},
			"faces": {
				"north": {"uv": [0, 7, 0.25, 5], "texture": "#texture"},
				"east": {"uv": [0, 7, 0.25, 5], "texture": "#texture"},
				"south": {"uv": [0, 7, 0.25, 5], "texture": "#texture"},
				"west": {"uv": [0, 7, 0.25, 5], "texture": "#texture"},
				"up": {"uv": [0, 7, 0.25, 5], "texture": "#texture"},
				"down": {"uv": [0, 6, 0.25, 5], "texture": "#texture"}
			}
		},
		{
			"from": [8.875, 12.5625, 7.25],
			"to": [10.625, 12.8125, 8.25],
			"faces": {
				"north": {"uv": [1, 5, 3, 5.25], "rotation": 180, "texture": "#texture"},
				"east": {"uv": [1, 5, 3, 5.25], "texture": "#texture"},
				"south": {"uv": [1, 5, 3, 5.25], "texture": "#texture"},
				"west": {"uv": [1, 5, 2, 5.25], "texture": "#texture"},
				"up": {"uv": [1, 5, 3, 5.25], "texture": "#texture"},
				"down": {"uv": [1, 5, 3, 5.25], "texture": "#texture"}
			}
		},
		{
			"from": [8.875, 2.2375, 7.25],
			"to": [10.625, 2.4875, 8.25],
			"rotation": {"angle": 0, "axis": "y", "origin": [8, 7.05, 8]},
			"faces": {
				"north": {"uv": [1, 5.25, 3, 5], "rotation": 180, "texture": "#texture"},
				"east": {"uv": [1, 5.25, 3, 5], "texture": "#texture"},
				"south": {"uv": [1, 5.25, 3, 5], "texture": "#texture"},
				"west": {"uv": [1, 5.25, 2, 5], "texture": "#texture"},
				"up": {"uv": [1, 5.25, 3, 5], "texture": "#texture"},
				"down": {"uv": [1, 5.25, 3, 5], "texture": "#texture"}
			}
		},
		{
			"from": [8.875, 10.3125, 7.25],
			"to": [9.375, 12.5625, 8.25],
			"faces": {
				"north": {"uv": [2, 5, 2.5, 7.25], "texture": "#texture"},
				"east": {"uv": [2, 5, 2.5, 7.25], "texture": "#texture"},
				"south": {"uv": [2, 5, 2.5, 7.25], "texture": "#texture"},
				"west": {"uv": [2, 5, 2.5, 7.25], "texture": "#texture"},
				"up": {"uv": [2, 5, 2.5, 7.25], "texture": "#texture"},
				"down": {"uv": [2, 5, 2.5, 7.25], "texture": "#texture"}
			}
		},
		{
			"from": [8.875, 2.4875, 7.25],
			"to": [9.375, 4.7375, 8.25],
			"rotation": {"angle": 0, "axis": "y", "origin": [8, 7.05, 8]},
			"faces": {
				"north": {"uv": [2, 7.25, 2.5, 5], "texture": "#texture"},
				"east": {"uv": [2, 7.25, 2.5, 5], "texture": "#texture"},
				"south": {"uv": [2, 7.25, 2.5, 5], "texture": "#texture"},
				"west": {"uv": [2, 7.25, 2.5, 5], "texture": "#texture"},
				"up": {"uv": [2, 7.25, 2.5, 5], "texture": "#texture"},
				"down": {"uv": [2, 7.25, 2.5, 5], "texture": "#texture"}
			}
		},
		{
			"from": [9.375, 10.3125, 7.25],
			"to": [10.625, 10.8125, 8.25],
			"faces": {
				"north": {"uv": [0, 6, 1.25, 6.5], "texture": "#texture"},
				"east": {"uv": [0, 6, 1.25, 6.5], "texture": "#texture"},
				"south": {"uv": [0, 6, 1.25, 6.5], "texture": "#texture"},
				"west": {"uv": [0, 6, 1.25, 6.5], "texture": "#texture"},
				"up": {"uv": [0, 6, 1.25, 6.5], "texture": "#texture"},
				"down": {"uv": [0, 6, 1.25, 6.5], "texture": "#texture"}
			}
		},
		{
			"from": [9.375, 4.2375, 7.25],
			"to": [10.625, 4.7375, 8.25],
			"rotation": {"angle": 0, "axis": "y", "origin": [8, 7.05, 8]},
			"faces": {
				"north": {"uv": [0, 6.5, 1.25, 6], "texture": "#texture"},
				"east": {"uv": [0, 6.5, 1.25, 6], "texture": "#texture"},
				"south": {"uv": [0, 6.5, 1.25, 6], "texture": "#texture"},
				"west": {"uv": [0, 6.5, 1.25, 6], "texture": "#texture"},
				"up": {"uv": [0, 6.5, 1.25, 6], "texture": "#texture"},
				"down": {"uv": [0, 6.5, 1.25, 6], "texture": "#texture"}
			}
		},
		{
			"from": [10.125, 10.8125, 7.25],
			"to": [10.625, 11.5625, 8.25],
			"faces": {
				"north": {"uv": [1, 5, 1.5, 5.75], "texture": "#texture"},
				"east": {"uv": [1, 5, 1.5, 5.75], "texture": "#texture"},
				"south": {"uv": [1, 5, 1.5, 5.75], "texture": "#texture"},
				"west": {"uv": [1, 5, 1.5, 5.75], "texture": "#texture"},
				"up": {"uv": [1, 5, 1.5, 5.75], "texture": "#texture"},
				"down": {"uv": [1, 5, 1.5, 5.75], "texture": "#texture"}
			}
		},
		{
			"from": [10.125, 3.4875, 7.25],
			"to": [10.625, 4.2375, 8.25],
			"rotation": {"angle": 0, "axis": "y", "origin": [8, 7.05, 8]},
			"faces": {
				"north": {"uv": [1, 5.75, 1.5, 5], "texture": "#texture"},
				"east": {"uv": [1, 5.75, 1.5, 5], "texture": "#texture"},
				"south": {"uv": [1, 5.75, 1.5, 5], "texture": "#texture"},
				"west": {"uv": [1, 5.75, 1.5, 5], "texture": "#texture"},
				"up": {"uv": [1, 5.75, 1.5, 5], "texture": "#texture"},
				"down": {"uv": [1, 5.75, 1.5, 5], "texture": "#texture"}
			}
		},
		{
			"from": [7.5, 0.5, 3.1875],
			"to": [7.5625, 11.5, 12.1875],
			"rotation": {"angle": 45, "axis": "z", "origin": [7.5, 11.5, 3.1875]},
			"faces": {
				"east": {"uv": [16, 0, 0, 16], "texture": "#red-blue_swirl"},
				"west": {"uv": [0, 0, 16, 16], "texture": "#red-blue_swirl"}
			}
		},
		{
			"from": [15.375, 0.25, 3.1875],
			"to": [15.4375, 11.5, 12.1875],
			"rotation": {"angle": -45, "axis": "z", "origin": [15.375, 11.5, 3.1875]},
			"faces": {
				"east": {"uv": [16, 0, 0, 16], "rotation": 90, "texture": "#green-yellow_swirl"},
				"west": {"uv": [0, 0, 16, 16], "rotation": 90, "texture": "#green-yellow_swirl"}
			}
		},
		{
			"from": [-8.9375, 7.25, 7.5],
			"to": [-6.4375, 7.75, 8],
			"rotation": {"angle": 22.5, "axis": "z", "origin": [-8.9375, 7.75, 7.5]},
			"faces": {
				"north": {"uv": [5.25, 1.25, 7, 1.75], "texture": "#blade_glow"},
				"east": {"uv": [2.5, 0.25, 3.5, 0.75], "texture": "#blade_glow"},
				"south": {"uv": [5.25, 1.25, 7, 1.75], "texture": "#blade_glow"},
				"west": {"uv": [2.5, 0.25, 3.5, 0.75], "texture": "#blade_glow"},
				"up": {"uv": [9.75, 0.5, 11.5, 1.5], "texture": "#blade_glow"},
				"down": {"uv": [9.75, 0.5, 11.5, 1.5], "texture": "#blade_glow"}
			}
		},
		{
			"from": [-8.5625, 7.125, 7.5],
			"to": [-6.0625, 7.875, 8],
			"rotation": {"angle": -22.5, "axis": "z", "origin": [-8.5625, 7.875, 7.5]},
			"faces": {
				"north": {"uv": [5.25, 1.25, 7, 1.75], "texture": "#blade_glow"},
				"east": {"uv": [2.5, 0.25, 3.5, 0.75], "texture": "#blade_glow"},
				"south": {"uv": [5.25, 1.25, 7, 1.75], "texture": "#blade_glow"},
				"west": {"uv": [2.5, 0.25, 3.5, 0.75], "texture": "#blade_glow"},
				"up": {"uv": [9.75, 0.5, 11.5, 1.5], "texture": "#blade_glow"},
				"down": {"uv": [9.75, 0.5, 11.5, 1.5], "texture": "#blade_glow"}
			}
		},
		{
			"from": [-9.125, 7.3125, 7.5],
			"to": [-8.875, 7.5625, 8],
			"rotation": {"angle": 45, "axis": "z", "origin": [-9.125, 7.5625, 7.5]},
			"faces": {
				"north": {"uv": [5.25, 1.25, 7, 1.75], "texture": "#blade_glow"},
				"east": {"uv": [2.5, 0.25, 3.5, 0.75], "texture": "#blade_glow"},
				"south": {"uv": [5.25, 1.25, 7, 1.75], "texture": "#blade_glow"},
				"west": {"uv": [2.5, 0.25, 3.5, 0.75], "texture": "#blade_glow"},
				"up": {"uv": [9.75, 0.5, 11.5, 1.5], "texture": "#blade_glow"},
				"down": {"uv": [9.75, 0.5, 11.5, 1.5], "texture": "#blade_glow"}
			}
		},
		{
			"from": [-8.875, 7.375, 7.5],
			"to": [-8.375, 7.625, 8],
			"rotation": {"angle": -45, "axis": "z", "origin": [-8.875, 7.625, 7.5]},
			"faces": {
				"north": {"uv": [5.25, 1.25, 7, 1.75], "texture": "#blade_glow"},
				"east": {"uv": [2.5, 0.25, 3.5, 0.75], "texture": "#blade_glow"},
				"south": {"uv": [5.25, 1.25, 7, 1.75], "texture": "#blade_glow"},
				"west": {"uv": [2.5, 0.25, 3.5, 0.75], "texture": "#blade_glow"},
				"up": {"uv": [9.75, 0.5, 11.5, 1.5], "texture": "#blade_glow"},
				"down": {"uv": [9.75, 0.5, 11.5, 1.5], "texture": "#blade_glow"}
			}
		},
		{
			"from": [-7.75, 6.8125, 7.5],
			"to": [-6.375, 8.25, 8],
			"faces": {
				"north": {"uv": [5.25, 1.25, 7, 1.75], "texture": "#blade_glow"},
				"east": {"uv": [2.5, 0.25, 3.5, 0.75], "texture": "#blade_glow"},
				"south": {"uv": [5.25, 1.25, 7, 1.75], "texture": "#blade_glow"},
				"west": {"uv": [2.5, 0.25, 3.5, 0.75], "texture": "#blade_glow"},
				"up": {"uv": [9.75, 0.5, 11.5, 1.5], "texture": "#blade_glow"},
				"down": {"uv": [9.75, 0.5, 11.5, 1.5], "texture": "#blade_glow"}
			}
		},
		{
			"from": [-6.5, 6.5, 7.25],
			"to": [9.75, 8.5, 8.25],
			"faces": {
				"north": {"uv": [0.25, 1.25, 15.75, 3.75], "texture": "#blade_glow"},
				"east": {"uv": [6, 2.25, 6.5, 4.75], "texture": "#blade_glow"},
				"south": {"uv": [0.25, 1.25, 15.75, 3.75], "texture": "#blade_glow"},
				"west": {"uv": [6, 2.25, 6.5, 4.75], "texture": "#blade_glow"},
				"up": {"uv": [0.25, 1.75, 15.75, 2.25], "texture": "#blade_glow"},
				"down": {"uv": [0.25, 1.75, 15.75, 2.25], "texture": "#blade_glow"}
			}
		},
		{
			"from": [-8.0625, 7.3125, 7.25],
			"to": [-6.3125, 7.8125, 8.25],
			"rotation": {"angle": 22.5, "axis": "z", "origin": [-8.0625, 7.8125, 7.25]},
			"faces": {
				"north": {"uv": [5.25, 1.25, 7, 1.75], "texture": "#blade_glow"},
				"east": {"uv": [2.5, 0.25, 3.5, 0.75], "texture": "#blade_glow"},
				"south": {"uv": [5.25, 1.25, 7, 1.75], "texture": "#blade_glow"},
				"west": {"uv": [2.5, 0.25, 3.5, 0.75], "texture": "#blade_glow"},
				"up": {"uv": [9.75, 0.5, 11.5, 1.5], "texture": "#blade_glow"},
				"down": {"uv": [9.75, 0.5, 11.5, 1.5], "texture": "#blade_glow"}
			}
		},
		{
			"from": [-7.875, 7.125, 7.25],
			"to": [-6.125, 7.625, 8.25],
			"rotation": {"angle": -22.5, "axis": "z", "origin": [-7.875, 7.625, 7.25]},
			"faces": {
				"north": {"uv": [5.25, 1.25, 7, 1.75], "texture": "#blade_glow"},
				"east": {"uv": [2.5, 0.25, 3.5, 0.75], "texture": "#blade_glow"},
				"south": {"uv": [5.25, 1.25, 7, 1.75], "texture": "#blade_glow"},
				"west": {"uv": [2.5, 0.25, 3.5, 0.75], "texture": "#blade_glow"},
				"up": {"uv": [9.75, 0.5, 11.5, 1.5], "texture": "#blade_glow"},
				"down": {"uv": [9.75, 0.5, 11.5, 1.5], "texture": "#blade_glow"}
			}
		},
		{
			"from": [-8.1875, 7.4375, 7.25],
			"to": [-7.6875, 7.6875, 8.25],
			"rotation": {"angle": -45, "axis": "z", "origin": [-8.1875, 7.6875, 7.25]},
			"faces": {
				"north": {"uv": [5.25, 1.25, 7, 1.75], "texture": "#blade_glow"},
				"east": {"uv": [2.5, 0.25, 3.5, 0.75], "texture": "#blade_glow"},
				"south": {"uv": [5.25, 1.25, 7, 1.75], "texture": "#blade_glow"},
				"west": {"uv": [2.5, 0.25, 3.5, 0.75], "texture": "#blade_glow"},
				"up": {"uv": [9.75, 0.5, 11.5, 1.5], "texture": "#blade_glow"},
				"down": {"uv": [9.75, 0.5, 11.5, 1.5], "texture": "#blade_glow"}
			}
		},
		{
			"from": [-8.25, 7.375, 7.25],
			"to": [-8, 7.625, 8.25],
			"rotation": {"angle": 45, "axis": "z", "origin": [-8.25, 7.625, 7.25]},
			"faces": {
				"north": {"uv": [5.25, 1.25, 7, 1.75], "texture": "#blade_glow"},
				"east": {"uv": [2.5, 0.25, 3.5, 0.75], "texture": "#blade_glow"},
				"south": {"uv": [5.25, 1.25, 7, 1.75], "texture": "#blade_glow"},
				"west": {"uv": [2.5, 0.25, 3.5, 0.75], "texture": "#blade_glow"},
				"up": {"uv": [9.75, 0.5, 11.5, 1.5], "texture": "#blade_glow"},
				"down": {"uv": [9.75, 0.5, 11.5, 1.5], "texture": "#blade_glow"}
			}
		},
		{
			"from": [-7.5, 7.125, 7.25],
			"to": [-6.4375, 7.9375, 8.25],
			"faces": {
				"north": {"uv": [5.25, 1.25, 7, 1.75], "texture": "#blade_glow"},
				"east": {"uv": [2.5, 0.25, 3.5, 0.75], "texture": "#blade_glow"},
				"south": {"uv": [5.25, 1.25, 7, 1.75], "texture": "#blade_glow"},
				"west": {"uv": [2.5, 0.25, 3.5, 0.75], "texture": "#blade_glow"},
				"up": {"uv": [9.75, 0.5, 11.5, 1.5], "texture": "#blade_glow"},
				"down": {"uv": [9.75, 0.5, 11.5, 1.5], "texture": "#blade_glow"}
			}
		},
		{
			"from": [-8.0625, 7.375, 7.25],
			"to": [-7.875, 7.5625, 8.25],
			"faces": {
				"north": {"uv": [5.25, 1.25, 7, 1.75], "texture": "#blade_glow"},
				"east": {"uv": [2.5, 0.25, 3.5, 0.75], "texture": "#blade_glow"},
				"south": {"uv": [5.25, 1.25, 7, 1.75], "texture": "#blade_glow"},
				"west": {"uv": [2.5, 0.25, 3.5, 0.75], "texture": "#blade_glow"},
				"up": {"uv": [9.75, 0.5, 11.5, 1.5], "texture": "#blade_glow"},
				"down": {"uv": [9.75, 0.5, 11.5, 1.5], "texture": "#blade_glow"}
			}
		},
		{
			"from": [-6.6875, 7, 7.25],
			"to": [-6.5, 7.1875, 8.25],
			"faces": {
				"north": {"uv": [5.25, 1.25, 7, 1.75], "texture": "#blade_glow"},
				"east": {"uv": [2.5, 0.25, 3.5, 0.75], "texture": "#blade_glow"},
				"south": {"uv": [5.25, 1.25, 7, 1.75], "texture": "#blade_glow"},
				"west": {"uv": [2.5, 0.25, 3.5, 0.75], "texture": "#blade_glow"},
				"up": {"uv": [9.75, 0.5, 11.5, 1.5], "texture": "#blade_glow"},
				"down": {"uv": [9.75, 0.5, 11.5, 1.5], "texture": "#blade_glow"}
			}
		}
	],
	"display": {
		"thirdperson_righthand": {
			"rotation": [-90, 90, 0],
			"translation": [0, 5, 1]
		},
		"thirdperson_lefthand": {
			"rotation": [90, 90, 0],
			"translation": [0, 5, 1.5]
		},
		"firstperson_righthand": {
			"rotation": [45, -90, 0],
			"translation": [0, 5, 0],
			"scale": [0.8, 0.8, 0.8]
		},
		"firstperson_lefthand": {
			"rotation": [45, 90, 0],
			"translation": [0.5, 5, 0],
			"scale": [0.8, 0.8, 0.8]
		},
		"ground": {
			"rotation": [45, -45, 0],
			"translation": [0, 5, 0],
			"scale": [0.6, 0.6, 0.6]
		},
		"gui": {
			"rotation": [-20, -160, -60],
			"scale": [0.75, 0.75, 0.75]
		},
		"fixed": {
			"rotation": [0, 0, -90],
			"translation": [0.5, 6.5, 0],
			"scale": [0.85, 0.85, 0.85]
		}
	}
}